{
  "TYPE": "field",
  "NAME": "elem3",
  "WIDTH": 1,
  "HEIGHT": 1,
  "BLOCK": [[[0, 0]], [[0], [0]]],
  "BREAKABLE": true,
  "CAN_HIDE": true,
  "INTERVAL": 100,

  "STAND": {
      "IMG": [
        "elem3_stand_0_0.png"
      ],
      "CX": [-3],
      "CY": [-12]
  },

  "TRIGGER": {
      "IMG": [
        "elem3_trigger_0_0.png",
        "elem3_trigger_0_1.png"
      ],
      "CX": [-3, -4],
      "CY": [-11, -12]
  },

  "DIE": {
      "IMG": [
        "elem3_die_0_0.png",
        "elem3_die_0_1.png",
        "elem3_die_0_2.png"
      ],
      "CX": [1, -4, -2],
      "CY": [-4, -8, -8]
  }
}