{
  "NAME": "recovery",
  "MAGICS": [
    {
      "NAME": "magic0088",
      "CX": 0,
      "CY": 40,
      "INTERVAL": 80,
      "REPEAT": true,
      "COLOR_ADD": [0, 255, 128],
      "ALPHA": [64, 128, 196, 255, 255, 255, 255 ,255, 255, 255, 255, 255, 196, 128, 64],
      "SPECIAL_FLAG": 0
    },
    {
      "NAME": "magic0030",
      "CX": -30,
      "CY": -30,
      "INTERVAL": 20,
      "REPEAT": true,
      "COLOR_ADD": [0, 0, 0],
      "SPECIAL_FLAG": 0
    }
  ]
}