{

  "basic": {
    "name": "HeiLong7",
    "width": 40,
    "height": 40,
    "scroll": [6, 27],
    "music": "mine.ogg",
    "begin": [19, 36],
    "finish": [10, 0]
  },

  "floors": [
    {
      "type": "exploration", "name": "elem10",
      "squares": [
        {"x1": 0, "y1": 0, "x2": 39, "y2": 39}
      ]
    }
  ],

  "floor": [

  ],

  "obstacles": [
    {
      "type": "exploration", "name": "elem25",
      "squares": [
        {"x1": 8, "y1": 30, "x2": 8, "y2": 32},
        {"x1": 31, "y1": 30, "x2": 31, "y2": 32}
      ]
    },
    {
      "type": "exploration", "name": "elem26",
      "squares": [
        {"x1": 2, "y1": 30, "x2": 6, "y2": 30},
        {"x1": 2, "y1": 36, "x2": 16, "y2": 36},
        {"x1": 4, "y1": 33, "x2": 8, "y2": 33},
        {"x1": 9, "y1": 16, "x2": 16, "y2": 16},
        {"x1": 10, "y1": 30, "x2": 14, "y2": 30},
        {"x1": 23, "y1": 16, "x2": 30, "y2": 16},
        {"x1": 23, "y1": 36, "x2": 37, "y2": 36},
        {"x1": 25, "y1": 30, "x2": 29, "y2": 30},
        {"x1": 31, "y1": 33, "x2": 35, "y2": 33},
        {"x1": 33, "y1": 30, "x2": 37, "y2": 30}
      ]
    },
    {
      "type": "exploration", "name": "elem27",
      "squares": [
        {"x1": 2, "y1": 18, "x2": 14, "y2": 18},
        {"x1": 2, "y1": 31, "x2": 6, "y2": 31},
        {"x1": 4, "y1": 34, "x2": 16, "y2": 34},
        {"x1": 9, "y1": 2, "x2": 30, "y2": 2},
        {"x1": 23, "y1": 34, "x2": 35, "y2": 34},
        {"x1": 25, "y1": 18, "x2": 37, "y2": 18},
        {"x1": 33, "y1": 31, "x2": 37, "y2": 31}
      ]
    },
    {
      "type": "exploration", "name": "elem28",
      "squares": [
        {"x1": 0, "y1": 0, "x2": 39, "y2": 1},
        {"x1": 0, "y1": 2, "x2": 7, "y2": 16},
        {"x1": 0, "y1": 17, "x2": 16, "y2": 17},
        {"x1": 0, "y1": 18, "x2": 0, "y2": 36},
        {"x1": 0, "y1": 37, "x2": 16, "y2": 39},
        {"x1": 16, "y1": 18, "x2": 16, "y2": 30},
        {"x1": 10, "y1": 31, "x2": 16, "y2": 33},
        {"x1": 23, "y1": 17, "x2": 39, "y2": 17},
        {"x1": 23, "y1": 18, "x2": 23, "y2": 30},
        {"x1": 23, "y1": 31, "x2": 29, "y2": 33},
        {"x1": 23, "y1": 37, "x2": 39, "y2": 39},
        {"x1": 32, "y1": 2, "x2": 39, "y2": 16},
        {"x1": 39, "y1": 18, "x2": 39, "y2": 36}
      ]
    },
    {
      "type": "exploration", "name": "elem29",
      "squares": [
        {"x1": 1, "y1": 19, "x2": 1, "y2": 29},
        {"x1": 1, "y1": 32, "x2": 1, "y2": 35},
        {"x1": 8, "y1": 3, "x2": 8, "y2": 15},
        {"x1": 17, "y1": 17, "x2": 17, "y2": 33},
        {"x1": 17, "y1": 37, "x2": 17, "y2": 39},
        {"x1": 24, "y1": 19, "x2": 24, "y2": 29},
        {"x1": 30, "y1": 31, "x2": 30, "y2": 32}
      ]
    },
    {
      "type": "exploration", "name": "elem32",
      "squares": [
        {"x1": 9, "y1": 31, "x2": 9, "y2": 32},
        {"x1": 15, "y1": 19, "x2": 15, "y2": 29},
        {"x1": 22, "y1": 17, "x2": 22, "y2": 33},
        {"x1": 22, "y1": 37, "x2": 22, "y2": 39},
        {"x1": 31, "y1": 3, "x2": 31, "y2": 15},
        {"x1": 38, "y1": 19, "x2": 38, "y2": 29},
        {"x1": 38, "y1": 32, "x2": 38, "y2": 35}
      ]
    }
  ],

  "obstacle": [
    {
      "type": "exploration", "name": "elem1",
      "points": [
        {"x": 28, "y": 26},
        {"x": 33, "y": 22}
      ]
    },
    {
      "type": "exploration", "name": "elem6",
      "points": [
        {"x": 12, "y": 9}
      ]
    },
    {
      "type": "exploration", "name": "elem8",
      "points": [
        {"x": 25, "y": 6}
      ]
    },
    {
      "type": "exploration", "name": "elem12",
      "points": [
        {"x": 5, "y": 22},
        {"x": 10, "y": 25}
      ]
    },
    {
      "type": "exploration", "name": "elem30",
      "points": [
        {"x": 7, "y": 30},
        {"x": 17, "y": 16},
        {"x": 17, "y": 36},
        {"x": 30, "y": 30},
        {"x": 36, "y": 33}
      ]
    },
    {
      "type": "exploration", "name": "elem31",
      "points": [
        {"x": 7, "y": 31},
        {"x": 17, "y": 34},
        {"x": 36, "y": 34}
      ]
    },
    {
      "type": "exploration", "name": "elem33",
      "points": [
        {"x": 3, "y": 33},
        {"x": 9, "y": 30},
        {"x": 22, "y": 16},
        {"x": 22, "y": 36},
        {"x": 32, "y": 30}
      ]
    },
    {
      "type": "exploration", "name": "elem34",
      "points": [
        {"x": 3, "y": 34},
        {"x": 22, "y": 34},
        {"x": 32, "y": 31}
      ]
    },
    {
      "type": "exploration", "name": "elem35",
      "points": [
        {"x": 1, "y": 30},
        {"x": 1, "y": 36},
        {"x": 8, "y": 16},
        {"x": 24, "y": 30},
        {"x": 30, "y": 33}
      ]
    },
    {
      "type": "exploration", "name": "elem36",
      "points": [
        {"x": 1, "y": 18},
        {"x": 1, "y": 31},
        {"x": 8, "y": 2},
        {"x": 24, "y": 18}
      ]
    },
    {
      "type": "exploration", "name": "elem37",
      "points": [
        {"x": 9, "y": 33},
        {"x": 15, "y": 30},
        {"x": 31, "y": 16},
        {"x": 38, "y": 30},
        {"x": 38, "y": 36}
      ]
    },
    {
      "type": "exploration", "name": "elem38",
      "points": [
        {"x": 15, "y": 18},
        {"x": 31, "y": 2},
        {"x": 38, "y": 18},
        {"x": 38, "y": 31}
      ]
    }
  ],

  "districts": [
    {
      "square": {
        "x1": 2, "y1": 19, "x2": 14, "y2": 29
      },
      "npcs": [
        {"name": "HeiLongSkeletonKnight", "x": 9, "y": 22}
      ]
    },
    {
      "square": {
        "x1": 25, "y1": 19, "x2": 37, "y2": 29
      },
      "npcs": [
        {"name": "HeiLongRedWizard", "x": 30, "y": 22}
      ]
    },
    {
      "square": {
        "x1": 9, "y1": 3, "x2": 30, "y2": 15
      },
      "npcs": [
        {"name": "HeiLongHellDragon", "x": 22, "y": 9}
      ]
    }
  ]

}