{

  "basic": {
    "name": "HeiLong1",
    "width": 40,
    "height": 40,
    "scroll": [0, 23],
    "music": "field.ogg",
    "begin": [10, 32],
    "finish": [39, 27]
  },

  "floors": [
    {
      "type": "pve", "name": "elem212",
      "squares": [
        {"x1": 0, "y1": 0, "x2": 39, "y2": 39}
      ]
    },
    {
      "type": "pve", "name": "elem206",
      "squares": [
        {"x1": 7, "y1": 6, "x2": 13, "y2": 6},
        {"x1": 15, "y1": 7, "x2": 24, "y2": 7},
        {"x1": 27, "y1": 32, "x2": 33, "y2": 32},
        {"x1": 30, "y1": 19, "x2": 32, "y2": 19}
      ]
    },
    {
      "type": "pve", "name": "elem213",
      "squares": [
        {"x1": 5, "y1": 4, "x2": 15, "y2": 4},
        {"x1": 17, "y1": 5, "x2": 26, "y2": 5},
        {"x1": 29, "y1": 3, "x2": 31, "y2": 3},
        {"x1": 29, "y1": 30, "x2": 31, "y2": 30},
        {"x1": 32, "y1": 17, "x2": 34, "y2": 17},
        {"x1": 36, "y1": 25, "x2": 39, "y2": 25}
      ]
    },
    {
      "type": "pve", "name": "elem215",
      "squares": [
        {"x1": 7, "y1": 19, "x2": 7, "y2": 29},
        {"x1": 8, "y1": 12, "x2": 8, "y2": 17},
        {"x1": 8, "y1": 31, "x2": 8, "y2": 33},
        {"x1": 23, "y1": 22, "x2": 23, "y2": 25},
        {"x1": 24, "y1": 27, "x2": 24, "y2": 29},
        {"x1": 29, "y1": 10, "x2": 29, "y2": 16},
        {"x1": 33, "y1": 20, "x2": 33, "y2": 28}
      ]
    },
    {
      "type": "pve", "name": "elem216",
      "squares": [
        {"x1": 9, "y1": 21, "x2": 9, "y2": 27},
        {"x1": 10, "y1": 10, "x2": 10, "y2": 19},
        {"x1": 10, "y1": 29, "x2": 10, "y2": 33},
        {"x1": 26, "y1": 25, "x2": 26, "y2": 27},
        {"x1": 31, "y1": 10, "x2": 31, "y2": 16},
        {"x1": 33, "y1": 5, "x2": 33, "y2": 8},
        {"x1": 35, "y1": 18, "x2": 35, "y2": 24},
        {"x1": 35, "y1": 28, "x2": 35, "y2": 30}
      ]
    },
    {
      "type": "snow", "name": "elem39",
      "squares": [
        {"x1": 6, "y1": 5, "x2": 8, "y2": 5},
        {"x1": 6, "y1": 9, "x2": 8, "y2": 9},
        {"x1": 8, "y1": 19, "x2": 8, "y2": 29},
        {"x1": 9, "y1": 10, "x2": 9, "y2": 19},
        {"x1": 9, "y1": 29, "x2": 9, "y2": 33},
        {"x1": 12, "y1": 5, "x2": 14, "y2": 5},
        {"x1": 16, "y1": 6, "x2": 27, "y2": 6},
        {"x1": 24, "y1": 22, "x2": 24, "y2": 25},
        {"x1": 25, "y1": 25, "x2": 25, "y2": 29},
        {"x1": 27, "y1": 31, "x2": 33, "y2": 31},
        {"x1": 28, "y1": 18, "x2": 34, "y2": 18},
        {"x1": 29, "y1": 4, "x2": 31, "y2": 8},
        {"x1": 30, "y1": 9, "x2": 30, "y2": 17},
        {"x1": 34, "y1": 19, "x2": 34, "y2": 30},
        {"x1": 35, "y1": 26, "x2": 37, "y2": 26}
      ]
    },
    {
      "type": "pve", "name": "elem201",
      "squares": [
        {"x1": 5, "y1": 5, "x2": 5, "y2": 7},
        {"x1": 9, "y1": 5, "x2": 11, "y2": 5},
        {"x1": 28, "y1": 5, "x2": 28, "y2": 8},
        {"x1": 32, "y1": 5, "x2": 32, "y2": 8}
      ]
    }
  ],

  "floor": [
    {
      "type": "pve", "name": "elem201",
      "points": [
        {"x": 4, "y": 7},
        {"x": 15, "y": 5},
        {"x": 15, "y": 6},
        {"x": 17, "y": 6}
      ]
    },
    {
      "type": "pve", "name": "elem203",
      "points": [
        {"x": 0, "y": 36},
        {"x": 2, "y": 9},
        {"x": 2, "y": 29},
        {"x": 3, "y": 12},
        {"x": 4, "y": 18},
        {"x": 5, "y": 22},
        {"x": 5, "y": 27},
        {"x": 11, "y": 26},
        {"x": 11, "y": 28},
        {"x": 12, "y": 7},
        {"x": 15, "y": 2},
        {"x": 15, "y": 9},
        {"x": 15, "y": 23},
        {"x": 15, "y": 27},
        {"x": 15, "y": 29},
        {"x": 19, "y": 35},
        {"x": 25, "y": 3},
        {"x": 28, "y": 22},
        {"x": 29, "y": 27},
        {"x": 31, "y": 23},
        {"x": 32, "y": 1},
        {"x": 32, "y": 36},
        {"x": 35, "y": 3},
        {"x": 35, "y": 5},
        {"x": 35, "y": 9},
        {"x": 35, "y": 16}
      ]
    },
    {
      "type": "pve", "name": "elem205",
      "points": [
        {"x": 4, "y": 8},
        {"x": 5, "y": 9},
        {"x": 7, "y": 10},
        {"x": 8, "y": 11},
        {"x": 8, "y": 30},
        {"x": 14, "y": 6},
        {"x": 24, "y": 26},
        {"x": 25, "y": 30},
        {"x": 26, "y": 31},
        {"x": 27, "y": 7},
        {"x": 29, "y": 9},
        {"x": 33, "y": 19},
        {"x": 37, "y": 27}
      ]
    },
    {
      "type": "pve", "name": "elem206",
      "points": [
        {"x": 6, "y": 10},
        {"x": 9, "y": 34},
        {"x": 28, "y": 9},
        {"x": 32, "y": 9},
        {"x": 36, "y": 27},
        {"x": 38, "y": 28},
        {"x": 39, "y": 28}
      ]
    },
    {
      "type": "pve", "name": "elem207",
      "points": [
        {"x": 6, "y": 6},
        {"x": 9, "y": 20},
        {"x": 25, "y": 23},
        {"x": 26, "y": 22},
        {"x": 27, "y": 21},
        {"x": 28, "y": 20},
        {"x": 29, "y": 19},
        {"x": 31, "y": 9},
        {"x": 34, "y": 31},
        {"x": 35, "y": 27}
      ]
    },
    {
      "type": "pve", "name": "elem211",
      "points": [
        {"x": 4, "y": 5},
        {"x": 8, "y": 18},
        {"x": 24, "y": 21},
        {"x": 25, "y": 20},
        {"x": 26, "y": 19},
        {"x": 27, "y": 5},
        {"x": 27, "y": 18},
        {"x": 28, "y": 4},
        {"x": 29, "y": 17},
        {"x": 32, "y": 30},
        {"x": 33, "y": 29}
      ]
    },
    {
      "type": "pve", "name": "elem213",
      "points": [
        {"x": 8, "y": 8},
        {"x": 28, "y": 17}
      ]
    },
    {
      "type": "pve", "name": "elem214",
      "points": [
        {"x": 6, "y": 7},
        {"x": 7, "y": 8},
        {"x": 9, "y": 9},
        {"x": 9, "y": 28},
        {"x": 16, "y": 5},
        {"x": 25, "y": 24},
        {"x": 26, "y": 28},
        {"x": 27, "y": 29},
        {"x": 28, "y": 30},
        {"x": 31, "y": 17},
        {"x": 32, "y": 4},
        {"x": 35, "y": 25}
      ]
    },
    {
      "type": "pve", "name": "elem215",
      "points": [
        {"x": 3, "y": 6},
        {"x": 3, "y": 7},
        {"x": 27, "y": 8}
      ]
    },
    {
      "type": "snow", "name": "elem18",
      "points": [
        {"x": 38, "y": 26},
        {"x": 38, "y": 27},
        {"x": 39, "y": 26}
      ]
    },
    {
      "type": "snow", "name": "elem39",
      "points": [
        {"x": 4, "y": 6},
        {"x": 5, "y": 8},
        {"x": 6, "y": 8},
        {"x": 8, "y": 10},
        {"x": 25, "y": 21},
        {"x": 25, "y": 22},
        {"x": 26, "y": 20},
        {"x": 26, "y": 21},
        {"x": 26, "y": 29},
        {"x": 26, "y": 30},
        {"x": 27, "y": 19},
        {"x": 27, "y": 20},
        {"x": 27, "y": 30},
        {"x": 28, "y": 19},
        {"x": 33, "y": 30}
      ]
    },
    {
      "type": "snow", "name": "elem29",
      "points": [
        {"x": 8, "y": 20},
        {"x": 8, "y": 21},
        {"x": 8, "y": 25},
        {"x": 8, "y": 26},
        {"x": 8, "y": 27}
      ]
    },
    {
      "type": "common", "name": "elem45",
      "points": [
        {"x": 39, "y": 27}
      ]
    }
  ],

  "obstacles": [
    {
      "type": "common", "name": "elem43",
      "squares": [
        {"x1": 2, "y1": 21, "x2": 17, "y2": 21},
        {"x1": 2, "y1": 26, "x2": 17, "y2": 26},
        {"x1": 3, "y1": 5, "x2": 3, "y2": 7},
        {"x1": 5, "y1": 5, "x2": 5, "y2": 7},
        {"x1": 9, "y1": 5, "x2": 9, "y2": 7},
        {"x1": 11, "y1": 5, "x2": 11, "y2": 7},
        {"x1": 15, "y1": 5, "x2": 15, "y2": 7},
        {"x1": 17, "y1": 5, "x2": 17, "y2": 7},
        {"x1": 29, "y1": 20, "x2": 29, "y2": 22},
        {"x1": 31, "y1": 20, "x2": 31, "y2": 22},
        {"x1": 29, "y1": 26, "x2": 29, "y2": 28},
        {"x1": 31, "y1": 26, "x2": 31, "y2": 28}
      ]
    },
    {
      "type": "common", "name": "elem53",
      "squares": [
        {"x1": 20, "y1": 1, "x2": 20, "y2": 4}
      ]
    },
    {
      "type": "common", "name": "elem101",
      "squares": [
        {"x1": 23, "y1": 2, "x2": 24, "y2": 3},
        {"x1": 23, "y1": 10, "x2": 24, "y2": 11},
        {"x1": 28, "y1": 4, "x2": 28, "y2": 8},
        {"x1": 32, "y1": 4, "x2": 32, "y2": 8},
        {"x1": 36, "y1": 2, "x2": 37, "y2": 3},
        {"x1": 36, "y1": 10, "x2": 37, "y2": 11}
      ]
    },
    {
      "type": "pve", "name": "elem234",
      "squares": [
        {"x1": 2, "y1": 13, "x2": 6, "y2": 13},
        {"x1": 23, "y1": 12, "x2": 27, "y2": 12},
        {"x1": 25, "y1": 33, "x2": 34, "y2": 33},
        {"x1": 33, "y1": 12, "x2": 37, "y2": 12}
      ]
    },
    {
      "type": "pve", "name": "elem236",
      "squares": [
        {"x1": 11, "y1": 33, "x2": 11, "y2": 39},
        {"x1": 18, "y1": 20, "x2": 18, "y2": 28},
        {"x1": 36, "y1": 20, "x2": 36, "y2": 23},
        {"x1": 38, "y1": 2, "x2": 38, "y2": 11}
      ]
    },
    {
      "type": "pve", "name": "elem237",
      "squares": [
        {"x1": 0, "y1": 0, "x2": 39, "y2": 0},
        {"x1": 0, "y1": 1, "x2": 0, "y2": 33},
        {"x1": 1, "y1": 1, "x2": 2, "y2": 2},
        {"x1": 1, "y1": 32, "x2": 2, "y2": 33},
        {"x1": 5, "y1": 36, "x2": 6, "y2": 39},
        {"x1": 12, "y1": 14, "x2": 16, "y2": 15},
        {"x1": 12, "y1": 33, "x2": 16, "y2": 33},
        {"x1": 17, "y1": 12, "x2": 18, "y2": 18},
        {"x1": 17, "y1": 31, "x2": 18, "y2": 32},
        {"x1": 19, "y1": 9, "x2": 21, "y2": 30},
        {"x1": 22, "y1": 13, "x2": 27, "y2": 14},
        {"x1": 22, "y1": 15, "x2": 24, "y2": 16},
        {"x1": 24, "y1": 34, "x2": 29, "y2": 35},
        {"x1": 27, "y1": 36, "x2": 28, "y2": 39},
        {"x1": 33, "y1": 13, "x2": 38, "y2": 14},
        {"x1": 37, "y1": 32, "x2": 37, "y2": 37},
        {"x1": 37, "y1": 20, "x2": 38, "y2": 23},
        {"x1": 38, "y1": 31, "x2": 38, "y2": 38},
        {"x1": 39, "y1": 1, "x2": 39, "y2": 24},
        {"x1": 39, "y1": 29, "x2": 39, "y2": 39}
      ]
    },
    {
      "type": "pve", "name": "elem238",
      "squares": [
        {"x1": 1, "y1": 4, "x2": 1, "y2": 12},
        {"x1": 1, "y1": 18, "x2": 1, "y2": 30},
        {"x1": 7, "y1": 33, "x2": 7, "y2": 39},
        {"x1": 22, "y1": 20, "x2": 22, "y2": 30}
      ]
    },
    {
      "type": "pve", "name": "elem240",
      "squares": [
        {"x1": 4, "y1": 1, "x2": 17, "y2": 1},
        {"x1": 23, "y1": 1, "x2": 37, "y2": 1},
        {"x1": 32, "y1": 34, "x2": 35, "y2": 34},
        {"x1": 33, "y1": 15, "x2": 37, "y2": 15}
      ]
    }
  ],

  "obstacle": [
    {
      "type": "common", "name": "elem39",
      "points": [
        {"x": 26, "y": 23}
      ]
    },
    {
      "type": "common", "name": "elem43",
      "points": [
        {"x": 4, "y": 5},
        {"x": 4, "y": 7},
        {"x": 10, "y": 5},
        {"x": 10, "y": 7},
        {"x": 16, "y": 5},
        {"x": 16, "y": 7},
        {"x": 4, "y": 27},
        {"x": 6, "y": 27},
        {"x": 8, "y": 27},
        {"x": 10, "y": 27},
        {"x": 12, "y": 27},
        {"x": 14, "y": 27},
        {"x": 16, "y": 27},
        {"x": 2, "y": 20},
        {"x": 3, "y": 20},
        {"x": 6, "y": 20},
        {"x": 7, "y": 20},
        {"x": 8, "y": 20},
        {"x": 11, "y": 20},
        {"x": 12, "y": 20},
        {"x": 13, "y": 20},
        {"x": 16, "y": 20},
        {"x": 17, "y": 20},
        {"x": 3, "y": 22},
        {"x": 5, "y": 22},
        {"x": 7, "y": 22},
        {"x": 9, "y": 22},
        {"x": 11, "y": 22},
        {"x": 13, "y": 22},
        {"x": 15, "y": 22},
        {"x": 17, "y": 22},
        {"x": 2, "y": 25},
        {"x": 3, "y": 25},
        {"x": 6, "y": 25},
        {"x": 7, "y": 25},
        {"x": 8, "y": 25},
        {"x": 11, "y": 25},
        {"x": 12, "y": 25},
        {"x": 13, "y": 25},
        {"x": 16, "y": 25},
        {"x": 17, "y": 25},
        {"x": 28, "y": 21},
        {"x": 28, "y": 27},
        {"x": 30, "y": 20},
        {"x": 30, "y": 22},
        {"x": 30, "y": 26},
        {"x": 30, "y": 28},
        {"x": 30, "y": 19},
        {"x": 30, "y": 23},
        {"x": 30, "y": 25},
        {"x": 30, "y": 29},
        {"x": 32, "y": 21},
        {"x": 32, "y": 27}
      ]
    },
    {
      "type": "common", "name": "elem48",
      "points": [
        {"x": 15, "y": 37},
        {"x": 31, "y": 37}
      ]
    },
    {
      "type": "common", "name": "elem51",
      "points": [
        {"x": 1, "y": 35},
        {"x": 18, "y": 34}
      ]
    },
    {
      "type": "common", "name": "elem52",
      "points": [
        {"x": 17, "y": 8}
      ]
    },
    {
      "type": "common", "name": "elem54",
      "points": [
        {"x": 6, "y": 31},
        {"x": 12, "y": 31},
        {"x": 37, "y": 16}
      ]
    },
    {
      "type": "common", "name": "elem55",
      "points": [
        {"x": 5, "y": 34}
      ]
    },
    {
      "type": "common", "name": "elem56",
      "points": [
        {"x": 2, "y": 27},
        {"x": 4, "y": 15},
        {"x": 4, "y": 31},
        {"x": 13, "y": 8},
        {"x": 13, "y": 38},
        {"x": 14, "y": 11},
        {"x": 22, "y": 37},
        {"x": 34, "y": 35}
      ]
    },
    {
      "type": "common", "name": "elem59",
      "points": [
        {"x": 1, "y": 38}
      ]
    },
    {
      "type": "common", "name": "elem63",
      "points": [
        {"x": 29, "y": 5}
      ]
    },
    {
      "type": "common", "name": "elem69",
      "points": [
        {"x": 4, "y": 2},
        {"x": 13, "y": 18},
        {"x": 23, "y": 29}
      ]
    },
    {
      "type": "common", "name": "elem70",
      "points": [
        {"x": 3, "y": 11},
        {"x": 36, "y": 28}
      ]
    },
    {
      "type": "common", "name": "elem75",
      "points": [
        {"x": 20, "y": 34}
      ]
    },
    {
      "type": "common", "name": "elem76",
      "points": [
        {"x": 4, "y": 20},
        {"x": 9, "y": 20},
        {"x": 14, "y": 20},
        {"x": 4, "y": 25},
        {"x": 9, "y": 25},
        {"x": 14, "y": 25}
      ]
    },
    {
      "type": "common", "name": "elem77",
      "points": [
        {"x": 7, "y": 12}
      ]
    },
    {
      "type": "common", "name": "elem83",
      "points": [
        {"x": 9, "y": 34},
        {"x": 9, "y": 37}
      ]
    },
    {
      "type": "common", "name": "elem101",
      "points": [
        {"x": 23, "y": 4},
        {"x": 23, "y": 9},
        {"x": 25, "y": 2},
        {"x": 25, "y": 11},
        {"x": 35, "y": 2},
        {"x": 35, "y": 11},
        {"x": 37, "y": 4},
        {"x": 37, "y": 9}
      ]
    },
    {
      "type": "pve", "name": "elem229",
      "points": [
        {"x": 11, "y": 13},
        {"x": 11, "y": 32},
        {"x": 15, "y": 12},
        {"x": 15, "y": 31},
        {"x": 16, "y": 11},
        {"x": 16, "y": 30},
        {"x": 16, "y": 39},
        {"x": 17, "y": 10},
        {"x": 17, "y": 29},
        {"x": 18, "y": 8},
        {"x": 18, "y": 38},
        {"x": 32, "y": 12},
        {"x": 35, "y": 32},
        {"x": 36, "y": 19},
        {"x": 36, "y": 31},
        {"x": 37, "y": 18},
        {"x": 37, "y": 30},
        {"x": 38, "y": 28}
      ]
    },
    {
      "type": "pve", "name": "elem230",
      "points": [
        {"x": 1, "y": 3},
        {"x": 1, "y": 17},
        {"x": 2, "y": 2},
        {"x": 2, "y": 14},
        {"x": 3, "y": 1},
        {"x": 4, "y": 17},
        {"x": 4, "y": 33},
        {"x": 6, "y": 16},
        {"x": 12, "y": 36},
        {"x": 13, "y": 34},
        {"x": 17, "y": 33},
        {"x": 19, "y": 0},
        {"x": 19, "y": 31},
        {"x": 22, "y": 1},
        {"x": 22, "y": 19},
        {"x": 23, "y": 18},
        {"x": 24, "y": 17},
        {"x": 25, "y": 16},
        {"x": 26, "y": 15},
        {"x": 29, "y": 36},
        {"x": 30, "y": 35},
        {"x": 31, "y": 34}
      ]
    },
    {
      "type": "pve", "name": "elem231",
      "points": [
        {"x": 2, "y": 34},
        {"x": 3, "y": 17},
        {"x": 3, "y": 35},
        {"x": 4, "y": 36},
        {"x": 5, "y": 14},
        {"x": 6, "y": 33},
        {"x": 13, "y": 16},
        {"x": 15, "y": 17},
        {"x": 16, "y": 18},
        {"x": 16, "y": 34},
        {"x": 18, "y": 1},
        {"x": 18, "y": 19},
        {"x": 21, "y": 0},
        {"x": 21, "y": 31},
        {"x": 22, "y": 34},
        {"x": 23, "y": 35},
        {"x": 24, "y": 36},
        {"x": 26, "y": 37},
        {"x": 36, "y": 34},
        {"x": 37, "y": 38},
        {"x": 38, "y": 1},
        {"x": 38, "y": 15},
        {"x": 38, "y": 24},
        {"x": 38, "y": 39}
      ]
    },
    {
      "type": "pve", "name": "elem232",
      "points": [
        {"x": 1, "y": 13},
        {"x": 1, "y": 31},
        {"x": 2, "y": 16},
        {"x": 3, "y": 32},
        {"x": 4, "y": 35},
        {"x": 21, "y": 39},
        {"x": 22, "y": 12},
        {"x": 22, "y": 31},
        {"x": 23, "y": 32},
        {"x": 24, "y": 33}
      ]
    },
    {
      "type": "pve", "name": "elem233",
      "points": [
        {"x": 5, "y": 16},
        {"x": 6, "y": 35},
        {"x": 15, "y": 13},
        {"x": 15, "y": 32},
        {"x": 16, "y": 12},
        {"x": 16, "y": 31},
        {"x": 17, "y": 11},
        {"x": 17, "y": 30},
        {"x": 18, "y": 10},
        {"x": 18, "y": 29},
        {"x": 18, "y": 39},
        {"x": 35, "y": 33},
        {"x": 36, "y": 32},
        {"x": 37, "y": 19},
        {"x": 37, "y": 31},
        {"x": 38, "y": 12},
        {"x": 38, "y": 18},
        {"x": 38, "y": 30}
      ]
    },
    {
      "type": "pve", "name": "elem234",
      "points": [
        {"x": 2, "y": 31},
        {"x": 3, "y": 16},
        {"x": 4, "y": 16},
        {"x": 4, "y": 32},
        {"x": 5, "y": 32},
        {"x": 5, "y": 35},
        {"x": 6, "y": 32},
        {"x": 12, "y": 13},
        {"x": 12, "y": 32},
        {"x": 13, "y": 13},
        {"x": 13, "y": 32},
        {"x": 14, "y": 13},
        {"x": 14, "y": 32},
        {"x": 17, "y": 39},
        {"x": 19, "y": 8},
        {"x": 19, "y": 38},
        {"x": 20, "y": 8},
        {"x": 20, "y": 38},
        {"x": 21, "y": 8},
        {"x": 39, "y": 28}
      ]
    },
    {
      "type": "pve", "name": "elem235",
      "points": [
        {"x": 3, "y": 31},
        {"x": 7, "y": 13},
        {"x": 7, "y": 32},
        {"x": 21, "y": 38},
        {"x": 22, "y": 8},
        {"x": 22, "y": 39},
        {"x": 23, "y": 31},
        {"x": 24, "y": 32},
        {"x": 28, "y": 12}
      ]
    },
    {
      "type": "pve", "name": "elem236",
      "points": [
        {"x": 4, "y": 37},
        {"x": 4, "y": 38},
        {"x": 4, "y": 39},
        {"x": 5, "y": 15},
        {"x": 6, "y": 34},
        {"x": 11, "y": 14},
        {"x": 11, "y": 15},
        {"x": 16, "y": 35},
        {"x": 18, "y": 2},
        {"x": 18, "y": 3},
        {"x": 18, "y": 9},
        {"x": 21, "y": 1},
        {"x": 21, "y": 2},
        {"x": 21, "y": 3},
        {"x": 21, "y": 32},
        {"x": 21, "y": 33},
        {"x": 26, "y": 38},
        {"x": 26, "y": 39},
        {"x": 32, "y": 13},
        {"x": 32, "y": 14},
        {"x": 36, "y": 35},
        {"x": 36, "y": 36},
        {"x": 36, "y": 37},
        {"x": 38, "y": 16},
        {"x": 38, "y": 17},
        {"x": 38, "y": 29}
      ]
    },
    {
      "type": "pve", "name": "elem237",
      "points": [
        {"x": 1, "y": 14},
        {"x": 1, "y": 15},
        {"x": 1, "y": 16},
        {"x": 3, "y": 33},
        {"x": 3, "y": 34},
        {"x": 6, "y": 14},
        {"x": 6, "y": 15},
        {"x": 12, "y": 34},
        {"x": 12, "y": 35},
        {"x": 14, "y": 16},
        {"x": 15, "y": 16},
        {"x": 16, "y": 13},
        {"x": 16, "y": 16},
        {"x": 16, "y": 17},
        {"x": 16, "y": 32},
        {"x": 18, "y": 11},
        {"x": 18, "y": 30},
        {"x": 19, "y": 39},
        {"x": 20, "y": 39},
        {"x": 22, "y": 17},
        {"x": 22, "y": 18},
        {"x": 22, "y": 32},
        {"x": 22, "y": 33},
        {"x": 23, "y": 17},
        {"x": 23, "y": 33},
        {"x": 23, "y": 34},
        {"x": 25, "y": 15},
        {"x": 25, "y": 36},
        {"x": 26, "y": 36},
        {"x": 30, "y": 34},
        {"x": 36, "y": 33},
        {"x": 38, "y": 19}
      ]
    },
    {
      "type": "pve", "name": "elem238",
      "points": [
        {"x": 2, "y": 15},
        {"x": 4, "y": 34},
        {"x": 7, "y": 14},
        {"x": 7, "y": 15},
        {"x": 12, "y": 37},
        {"x": 12, "y": 38},
        {"x": 12, "y": 39},
        {"x": 13, "y": 35},
        {"x": 17, "y": 34},
        {"x": 17, "y": 35},
        {"x": 19, "y": 1},
        {"x": 19, "y": 2},
        {"x": 19, "y": 3},
        {"x": 19, "y": 32},
        {"x": 22, "y": 2},
        {"x": 22, "y": 3},
        {"x": 22, "y": 9},
        {"x": 22, "y": 10},
        {"x": 22, "y": 11},
        {"x": 28, "y": 13},
        {"x": 28, "y": 14},
        {"x": 29, "y": 37},
        {"x": 29, "y": 38},
        {"x": 29, "y": 39}
      ]
    },
    {
      "type": "pve", "name": "elem239",
      "points": [
        {"x": 2, "y": 35},
        {"x": 3, "y": 18},
        {"x": 3, "y": 36},
        {"x": 11, "y": 16},
        {"x": 13, "y": 17},
        {"x": 15, "y": 18},
        {"x": 16, "y": 19},
        {"x": 16, "y": 36},
        {"x": 18, "y": 4},
        {"x": 21, "y": 4},
        {"x": 21, "y": 34},
        {"x": 22, "y": 35},
        {"x": 23, "y": 36},
        {"x": 24, "y": 37},
        {"x": 32, "y": 15},
        {"x": 36, "y": 24},
        {"x": 36, "y": 38},
        {"x": 37, "y": 39},
        {"x": 38, "y": 25}
      ]
    },
    {
      "type": "pve", "name": "elem240",
      "points": [
        {"x": 0, "y": 34},
        {"x": 1, "y": 34},
        {"x": 2, "y": 17},
        {"x": 3, "y": 14},
        {"x": 4, "y": 14},
        {"x": 5, "y": 17},
        {"x": 5, "y": 33},
        {"x": 12, "y": 16},
        {"x": 14, "y": 17},
        {"x": 14, "y": 34},
        {"x": 15, "y": 34},
        {"x": 17, "y": 19},
        {"x": 18, "y": 33},
        {"x": 20, "y": 0},
        {"x": 20, "y": 31},
        {"x": 25, "y": 37},
        {"x": 27, "y": 15},
        {"x": 37, "y": 24},
        {"x": 39, "y": 25}
      ]
    },
    {
      "type": "pve", "name": "elem241",
      "points": [
        {"x": 2, "y": 3},
        {"x": 3, "y": 2},
        {"x": 4, "y": 18},
        {"x": 6, "y": 17},
        {"x": 7, "y": 16},
        {"x": 13, "y": 36},
        {"x": 17, "y": 36},
        {"x": 19, "y": 4},
        {"x": 19, "y": 33},
        {"x": 22, "y": 4},
        {"x": 23, "y": 19},
        {"x": 24, "y": 18},
        {"x": 25, "y": 17},
        {"x": 26, "y": 16},
        {"x": 28, "y": 15},
        {"x": 30, "y": 36},
        {"x": 31, "y": 35}
      ]
    }
  ],

  "districts": [
    {
      "square": {
        "x1": 2, "y1": 17, "x2": 17, "y2": 31
      },
      "npcs": [
        {"name": "HeiLongIceBubble1", "x": 6, "y": 24},
        {"name": "HeiLongIceBubble1", "x": 12, "y": 24},
        {"name": "HeiLongIceBubble2", "x": 6, "y": 19},
        {"name": "HeiLongIceBubble2", "x": 13, "y": 19}
      ]
    },
    {
      "square": {
        "x1": 2, "y1": 2, "x2": 17, "y2": 12
      },
      "npcs": [
        {"name": "HeiLongFireBubble1", "x": 9, "y": 9},
        {"name": "HeiLongFireBubble2", "x": 4, "y": 6},
        {"name": "HeiLongFireBubble2", "x": 10, "y": 6},
        {"name": "HeiLongFireBubble2", "x": 16, "y": 6}
      ]
    },
    {
      "square": {
        "x1": 23, "y1": 2, "x2": 37, "y2": 11
      },
      "npcs": [
        {"name": "HeiLongIceBubble3", "x": 28, "y": 3},
        {"name": "HeiLongIceBubble3", "x": 28, "y": 9},
        {"name": "HeiLongFireBubble3", "x": 27, "y": 6}
      ]
    },
    {
      "square": {
        "x1": 23, "y1": 16, "x2": 37, "y2": 32
      },
      "npcs": [
        {"name": "HeiLongIceBubble4", "x": 25, "y": 24},
        {"name": "HeiLongIceBubble4", "x": 35, "y": 24},
        {"name": "HeiLongFireBubble4", "x": 30, "y": 21},
        {"name": "HeiLongFireBubble4", "x": 30, "y": 27}
      ]
    }
  ]

}