{

  "basic": {
    "name": "HeiLong5",
    "width": 20,
    "height": 30,
    "scroll": [0, 17],
    "music": "mine.ogg",
    "begin": [8, 26],
    "finish": [9, 0]
  },

  "floors": [
    {
      "type": "exploration", "name": "elem10",
      "squares": [
        {"x1": 0, "y1": 0, "x2": 19, "y2": 29}
      ]
    }
  ],

  "floor": [
    {
      "type": "common", "name": "elem45",
      "points": [
        {"x": 9, "y": 0}
      ]
    }
  ],

  "obstacles": [
    {
      "type": "exploration", "name": "elem25",
      "squares": [
        {"x1": 2, "y1": 16, "x2": 3, "y2": 17},
        {"x1": 7, "y1": 1, "x2": 11, "y2": 1},
        {"x1": 10, "y1": 14, "x2": 16, "y2": 14},
        {"x1": 16, "y1": 17, "x2": 17, "y2": 19}
      ]
    },
    {
      "type": "exploration", "name": "elem26",
      "squares": [
        {"x1": 1, "y1": 25, "x2": 5, "y2": 25},
        {"x1": 12, "y1": 26, "x2": 15, "y2": 26},
        {"x1": 17, "y1": 25, "x2": 18, "y2": 25}
      ]
    },
    {
      "type": "exploration", "name": "elem28",
      "squares": [
        {"x1": 0, "y1": 26, "x2": 5, "y2": 26},
        {"x1": 0, "y1": 27, "x2": 6, "y2": 29},
        {"x1": 12, "y1": 27, "x2": 19, "y2": 29},
        {"x1": 17, "y1": 26, "x2": 19, "y2": 26}
      ]
    },
    {
      "type": "exploration", "name": "elem29",
      "squares": [
        {"x1": 0, "y1": 16, "x2": 0, "y2": 24},
        {"x1": 7, "y1": 27, "x2": 7, "y2": 29}
      ]
    },
    {
      "type": "exploration", "name": "elem32",
      "squares": [
        {"x1": 11, "y1": 27, "x2": 11, "y2": 29},
        {"x1": 19, "y1": 16, "x2": 19, "y2": 24}
      ]
    }
  ],

  "obstacle": [
    {
      "type": "exploration", "name": "elem1",
      "points": [
        {"x": 18, "y": 1}
      ]
    },
    {
      "type": "exploration", "name": "elem4",
      "points": [
        {"x": 7, "y": 7}
      ]
    },
    {
      "type": "exploration", "name": "elem6",
      "points": [
        {"x": 0, "y": 14}
      ]
    },
    {
      "type": "exploration", "name": "elem9",
      "points": [
        {"x": 12, "y": 20}
      ]
    },
    {
      "type": "exploration", "name": "elem21",
      "points": [
        {"x": 0, "y": 1},
        {"x": 0, "y": 5},
        {"x": 0, "y": 9}
      ]
    },
    {
      "type": "exploration", "name": "elem23",
      "points": [
        {"x": 0, "y": 0},
        {"x": 4, "y": 0},
        {"x": 11, "y": 0},
        {"x": 15, "y": 0}
      ]
    },
    {
      "type": "exploration", "name": "elem24",
      "points": [
        {"x": 19, "y": 3},
        {"x": 19, "y": 7}
      ]
    },
    {
      "type": "exploration", "name": "elem25",
      "points": [
        {"x": 2, "y": 18},
        {"x": 4, "y": 16}
      ]
    },
    {
      "type": "exploration", "name": "elem30",
      "points": [
        {"x": 0, "y": 15},
        {"x": 6, "y": 25},
        {"x": 7, "y": 26}
      ]
    },
    {
      "type": "exploration", "name": "elem33",
      "points": [
        {"x": 19, "y": 15},
        {"x": 11, "y": 26},
        {"x": 16, "y": 25}
      ]
    },
    {
      "type": "exploration", "name": "elem35",
      "points": [
        {"x": 0, "y": 25},
        {"x": 6, "y": 26}
      ]
    },
    {
      "type": "exploration", "name": "elem37",
      "points": [
        {"x": 16, "y": 26},
        {"x": 19, "y": 25}
      ]
    }
  ],

  "districts": [
    {
      "square": {
        "x1": 1, "y1": 15, "x2": 18, "y2": 24
      },
      "npcs": [
        {"name": "HeiLongBlackWizard", "x": 9, "y": 17}
      ]
    },
    {
      "square": {
        "x1": 1, "y1": 1, "x2": 18, "y2": 13
      },
      "npcs": [
        {"name": "HeiLongAbyssDragon", "x": 9, "y": 5}
      ]
    }
  ]

}