{

  "basic": {
    "name": "HeiLong6",
    "width": 30,
    "height": 30,
    "scroll": [0, 0],
    "music": "mine.ogg",
    "begin": [3, 2],
    "finish": [10, 0]
  },

  "floors": [
    {
      "type": "exploration", "name": "elem10",
      "squares": [
        {"x1": 0, "y1": 0, "x2": 29, "y2": 29}
      ]
    }
  ],

  "floor": [
    {
      "type": "common", "name": "elem45",
      "points": [
        {"x": 10, "y": 0}
      ]
    }
  ],

  "obstacles": [
    {
      "type": "exploration", "name": "elem25",
      "squares": [
        {"x1": 10, "y1": 25, "x2": 13, "y2": 26}
      ]
    },
    {
      "type": "exploration", "name": "elem26",
      "squares": [
        {"x1": 0, "y1": 3, "x2": 1, "y2": 3},
        {"x1": 3, "y1": 27, "x2": 26, "y2": 27},
        {"x1": 10, "y1": 5, "x2": 11, "y2": 5}
      ]
    },
    {
      "type": "exploration", "name": "elem27",
      "squares": [
        {"x1": 0, "y1": 1, "x2": 7, "y2": 1},
        {"x1": 9, "y1": 6, "x2": 10, "y2": 6},
        {"x1": 13, "y1": 2, "x2": 26, "y2": 2}
      ]
    },
    {
      "type": "exploration", "name": "elem28",
      "squares": [
        {"x1": 0, "y1": 0, "x2": 8, "y2": 0},
        {"x1": 0, "y1": 4, "x2": 1, "y2": 29},
        {"x1": 2, "y1": 28, "x2": 27, "y2": 29},
        {"x1": 13, "y1": 0, "x2": 29, "y2": 1},
        {"x1": 28, "y1": 2, "x2": 29, "y2": 29}
      ]
    },
    {
      "type": "exploration", "name": "elem29",
      "squares": [
        {"x1": 2, "y1": 4, "x2": 2, "y2": 26},
        {"x1": 9, "y1": 0, "x2": 9, "y2": 4},
        {"x1": 12, "y1": 6, "x2": 12, "y2": 23}
      ]
    },
    {
      "type": "exploration", "name": "elem32",
      "squares": [
        {"x1": 8, "y1": 2, "x2": 8, "y2": 5},
        {"x1": 11, "y1": 7, "x2": 11, "y2": 23},
        {"x1": 12, "y1": 0, "x2": 12, "y2": 1},
        {"x1": 27, "y1": 3, "x2": 27, "y2": 26}
      ]
    }
  ],

  "obstacle": [
    {
      "type": "exploration", "name": "elem1",
      "points": [
        {"x": 22, "y": 6}
      ]
    },
    {
      "type": "exploration", "name": "elem2",
      "points": [
        {"x": 9, "y": 8}
      ]
    },
    {
      "type": "exploration", "name": "elem4",
      "points": [
        {"x": 5, "y": 10}
      ]
    },
    {
      "type": "exploration", "name": "elem6",
      "points": [
        {"x": 14, "y": 14}
      ]
    },
    {
      "type": "exploration", "name": "elem9",
      "points": [
        {"x": 8, "y": 16}
      ]
    },
    {
      "type": "exploration", "name": "elem25",
      "points": [
        {"x": 9, "y": 26},
        {"x": 14, "y": 26}
      ]
    },
    {
      "type": "exploration", "name": "elem30",
      "points": [
        {"x": 2, "y": 3},
        {"x": 12, "y": 5}
      ]
    },
    {
      "type": "exploration", "name": "elem31",
      "points": [
        {"x": 12, "y": 24}
      ]
    },
    {
      "type": "exploration", "name": "elem34",
      "points": [
        {"x": 8, "y": 6},
        {"x": 11, "y": 24},
        {"x": 12, "y": 2}
      ]
    },
    {
      "type": "exploration", "name": "elem35",
      "points": [
        {"x": 2, "y": 27},
        {"x": 9, "y": 5}
      ]
    },
    {
      "type": "exploration", "name": "elem37",
      "points": [
        {"x": 8, "y": 1},
        {"x": 11, "y": 6},
        {"x": 27, "y": 27}
      ]
    },
    {
      "type": "exploration", "name": "elem38",
      "points": [
        {"x": 27, "y": 2}
      ]
    }
  ],

  "districts": [
    {
      "square": {
        "x1": 3, "y1": 7, "x2": 10, "y2": 24
      },
      "npcs": [
        {"name": "HeiLongCubDragonRed1", "x": 9, "y": 10},
        {"name": "HeiLongCubDragonBlue1", "x": 9, "y": 13},
        {"name": "HeiLongCubDragonRed1", "x": 9, "y": 16},
        {"name": "HeiLongCubDragonBlue1", "x": 9, "y": 19}
      ]
    },
    {
      "square": {
        "x1": 13, "y1": 15, "x2": 26, "y2": 26
      },
      "npcs": [
        {"name": "HeiLongMagmaMonsRed", "x": 17, "y": 17},
        {"name": "HeiLongMagmaMonsBlue", "x": 17, "y": 22}
      ]
    },
    {
      "square": {
        "x1": 13, "y1": 3, "x2": 26, "y2": 13
      },
      "npcs": [
        {"name": "HeiLongMagmaMonsBlue", "x": 16, "y": 5},
        {"name": "HeiLongCubDragonRed2", "x": 16, "y": 11},
        {"name": "HeiLongCubDragonBlue2", "x": 23, "y": 5}
      ]
    }
  ]

}