{

  "basic": {
    "name": "MiZhiDi2",
    "width": 40,
    "height": 40,
    "scroll": [0, 27],
    "music": "T3.ogg",
    "begin": [0, 36],
    "finish": [39, 35]
  },

  "floors": [
    {
      "type": "exploration", "name": "elem115",
      "squares": [
        {"x1": 0, "y1": 0, "x2": 39, "y2": 39}
      ]
    },
	{
      "type": "exploration", "name": "elem117",
      "squares": [
        {"x1": 0, "y1": 36, "x2": 4, "y2": 36},
        {"x1": 8, "y1": 20, "x2": 9, "y2": 20},
		{"x1": 10, "y1": 29, "x2": 12, "y2": 29},
		{"x1": 13, "y1": 8, "x2": 14, "y2": 8},
		{"x1": 16, "y1": 9, "x2": 18, "y2": 9},
		{"x1": 23, "y1": 6, "x2": 24, "y2": 6},
        {"x1": 23, "y1": 25, "x2": 25, "y2": 25},
        {"x1": 27, "y1": 14, "x2": 28, "y2": 14},
        {"x1": 28, "y1": 4, "x2": 29, "y2": 4},
        {"x1": 30, "y1": 37, "x2": 31, "y2": 37},
        {"x1": 34, "y1": 35, "x2": 39, "y2": 35}
      ]
    },
	{
      "type": "exploration", "name": "elem120",
      "squares": [
        {"x1": 3, "y1": 9, "x2": 3, "y2": 12},
        {"x1": 4, "y1": 14, "x2": 4, "y2": 16},
		{"x1": 6, "y1": 32, "x2": 6, "y2": 33},
        {"x1": 8, "y1": 3, "x2": 8, "y2": 4},
        {"x1": 11, "y1": 5, "x2": 11, "y2": 6},
        {"x1": 14, "y1": 24, "x2": 14, "y2": 26},
        {"x1": 20, "y1": 21, "x2": 20, "y2": 23},
        {"x1": 27, "y1": 34, "x2": 27, "y2": 35},
        {"x1": 29, "y1": 30, "x2": 29, "y2": 31},
        {"x1": 32, "y1": 7, "x2": 32, "y2": 8}
      ]
    }
  ],

  "floor": [
    {
      "type": "exploration", "name": "elem117",
      "points": [
        {"x": 6, "y": 6},
        {"x": 6, "y": 19},
		{"x": 8, "y": 30},
        {"x": 9, "y": 2},
		{"x": 11, "y": 21},
        {"x": 13, "y": 23},
        {"x": 20, "y": 8},
        {"x": 21, "y": 20},
        {"x": 21, "y": 24},
        {"x": 23, "y": 19},
        {"x": 26, "y": 5},
        {"x": 28, "y": 36}
      ]
    },
	{
      "type": "exploration", "name": "elem118",
      "points": [
        {"x": 4, "y": 13},
		{"x": 5, "y": 17},
		{"x": 7, "y": 19},
        {"x": 10, "y": 2},
        {"x": 10, "y": 20},
        {"x": 11, "y": 4},
        {"x": 12, "y": 7},
		{"x": 12, "y": 21},
		{"x": 14, "y": 23},
        {"x": 15, "y": 8},
        {"x": 22, "y": 24},
        {"x": 26, "y": 25},
        {"x": 27, "y": 26},
        {"x": 28, "y": 27},
        {"x": 29, "y": 29},
        {"x": 29, "y": 36},
        {"x": 30, "y": 4},
        {"x": 31, "y": 5},
        {"x": 32, "y": 6}
      ]
    },
	{
      "type": "exploration", "name": "elem119",
      "points": [
        {"x": 4, "y": 8},
        {"x": 5, "y": 7},
		{"x": 5, "y": 36},
		{"x": 6, "y": 34},
        {"x": 7, "y": 5},
        {"x": 7, "y": 6},
		{"x": 7, "y": 31},
        {"x": 8, "y": 5},
		{"x": 9, "y": 30},
		{"x": 13, "y": 29},
		{"x": 14, "y": 27},
        {"x": 19, "y": 9},
        {"x": 21, "y": 8},
        {"x": 22, "y": 7},
        {"x": 22, "y": 20},
        {"x": 24, "y": 19},
        {"x": 25, "y": 6},
        {"x": 25, "y": 17},
        {"x": 26, "y": 15},
        {"x": 27, "y": 5},
        {"x": 29, "y": 14},
        {"x": 28, "y": 33},
        {"x": 29, "y": 32},
        {"x": 30, "y": 13},
        {"x": 31, "y": 11},
        {"x": 32, "y": 9},
        {"x": 32, "y": 37},
        {"x": 33, "y": 36}
      ]
    },
	{
      "type": "exploration", "name": "elem120",
      "points": [
		{"x": 5, "y": 18},
		{"x": 5, "y": 35},
        {"x": 10, "y": 3},
        {"x": 12, "y": 22},
        {"x": 13, "y": 28},
        {"x": 24, "y": 18},
        {"x": 25, "y": 16},
        {"x": 28, "y": 28},
        {"x": 30, "y": 12},
        {"x": 31, "y": 10}
      ]
    },
	{
      "type": "exploration", "name": "elem121",
      "points": [
        {"x": 3, "y": 8},
        {"x": 4, "y": 7},
        {"x": 5, "y": 6},
		{"x": 5, "y": 34},
		{"x": 6, "y": 31},
        {"x": 7, "y": 5},
		{"x": 7, "y": 30},
        {"x": 8, "y": 2},
		{"x": 9, "y": 29},
		{"x": 13, "y": 27},
		{"x": 19, "y": 8},
        {"x": 20, "y": 20},
		{"x": 21, "y": 7},
		{"x": 22, "y": 6},
        {"x": 22, "y": 19},
        {"x": 24, "y": 17},
		{"x": 25, "y": 5},
        {"x": 25, "y": 15},
        {"x": 26, "y": 14},
        {"x": 27, "y": 4},
        {"x": 27, "y": 33},
        {"x": 28, "y": 32},
        {"x": 29, "y": 13},
        {"x": 30, "y": 11},
        {"x": 31, "y": 9},
        {"x": 32, "y": 36},
        {"x": 33, "y": 35}
      ]
    },
	{
      "type": "exploration", "name": "elem122",
      "points": [
		{"x": 3, "y": 13},
		{"x": 4, "y": 17},
		{"x": 5, "y": 19},
		{"x": 7, "y": 20},
        {"x": 10, "y": 4},
		{"x": 10, "y": 21},
        {"x": 11, "y": 7},
        {"x": 12, "y": 8},
        {"x": 12, "y": 23},
        {"x": 15, "y": 9},
        {"x": 20, "y": 24},
        {"x": 22, "y": 25},
        {"x": 26, "y": 26},
        {"x": 27, "y": 27},
        {"x": 27, "y": 36},
        {"x": 28, "y": 29},
        {"x": 29, "y": 37},
        {"x": 30, "y": 5},
        {"x": 31, "y": 6}
      ]
    }
  ],

  "obstacles": [
    {
      "type": "field", "name": "elem3",
      "squares": [
        {"x1": 10, "y1": 18, "x2": 14, "y2": 18},
        {"x1": 12, "y1": 19, "x2": 14, "y2": 19},
        {"x1": 13, "y1": 12, "x2": 15, "y2": 12},
        {"x1": 17, "y1": 16, "x2": 17, "y2": 18},
        {"x1": 22, "y1": 8, "x2": 22, "y2": 11},
        {"x1": 23, "y1": 15, "x2": 24, "y2": 16},
        {"x1": 25, "y1": 9, "x2": 25, "y2": 12},
        {"x1": 25, "y1": 13, "x2": 27, "y2": 13}
      ]
    },
    {
      "type": "exploration", "name": "elem102",
      "squares": [
        {"x1": 12, "y1": 2, "x2": 12, "y2": 4},
        {"x1": 16, "y1": 3, "x2": 16, "y2": 6},
        {"x1": 18, "y1": 5, "x2": 18, "y2": 7},
        {"x1": 20, "y1": 2, "x2": 20, "y2": 5},
        {"x1": 21, "y1": 2, "x2": 21, "y2": 4},
        {"x1": 23, "y1": 2, "x2": 23, "y2": 4}
      ]
    },
    {
      "type": "exploration", "name": "elem108",
      "squares": [
        {"x1": 20, "y1": 30, "x2": 20, "y2": 32},
        {"x1": 21, "y1": 28, "x2": 21, "y2": 33},
        {"x1": 22, "y1": 27, "x2": 22, "y2": 34},
        {"x1": 23, "y1": 29, "x2": 23, "y2": 34}
      ]
    },
    {
      "type": "exploration", "name": "elem109",
      "squares": [
        {"x1": 2, "y1": 3, "x2": 2, "y2": 6},
        {"x1": 5, "y1": 2, "x2": 5, "y2": 4},
        {"x1": 15, "y1": 35, "x2": 16, "y2": 36},
        {"x1": 17, "y1": 28, "x2": 17, "y2": 30},
        {"x1": 18, "y1": 27, "x2": 18, "y2": 36},
        {"x1": 35, "y1": 3, "x2": 35, "y2": 5},
        {"x1": 36, "y1": 5, "x2": 36, "y2": 11},
        {"x1": 37, "y1": 7, "x2": 37, "y2": 9}
      ]
    },
    {
      "type": "exploration", "name": "elem110",
      "squares": [
        {"x1": 0, "y1": 0, "x2": 0, "y2": 6},
        {"x1": 0, "y1": 9, "x2": 0, "y2": 17},
        {"x1": 0, "y1": 24, "x2": 0, "y2": 35},
        {"x1": 0, "y1": 38, "x2": 4, "y2": 39},
        {"x1": 1, "y1": 0, "x2": 1, "y2": 34},
        {"x1": 2, "y1": 0, "x2": 26, "y2": 1},
        {"x1": 2, "y1": 7, "x2": 2, "y2": 9},
        {"x1": 2, "y1": 17, "x2": 2, "y2": 26},
        {"x1": 3, "y1": 25, "x2": 13, "y2": 25},
        {"x1": 4, "y1": 21, "x2": 7, "y2": 21},
        {"x1": 4, "y1": 37, "x2": 16, "y2": 37},
        {"x1": 5, "y1": 38, "x2": 7, "y2": 38},
        {"x1": 6, "y1": 2, "x2": 6, "y2": 5},
        {"x1": 6, "y1": 26, "x2": 6, "y2": 28},
        {"x1": 6, "y1": 39, "x2": 10, "y2": 39},
        {"x1": 9, "y1": 26, "x2": 9, "y2": 27},
        {"x1": 10, "y1": 11, "x2": 10, "y2": 13},
        {"x1": 11, "y1": 16, "x2": 12, "y2": 17},
        {"x1": 12, "y1": 39, "x2": 18, "y2": 39},
        {"x1": 13, "y1": 11, "x2": 16, "y2": 11},
        {"x1": 14, "y1": 15, "x2": 16, "y2": 15},
        {"x1": 14, "y1": 20, "x2": 16, "y2": 21},
        {"x1": 15, "y1": 2, "x2": 17, "y2": 2},
        {"x1": 15, "y1": 26, "x2": 25, "y2": 26},
        {"x1": 15, "y1": 34, "x2": 17, "y2": 34},
        {"x1": 16, "y1": 22, "x2": 17, "y2": 24},
        {"x1": 16, "y1": 29, "x2": 16, "y2": 33},
        {"x1": 17, "y1": 3, "x2": 18, "y2": 4},
        {"x1": 17, "y1": 38, "x2": 20, "y2": 38},
        {"x1": 19, "y1": 3, "x2": 19, "y2": 7},
        {"x1": 19, "y1": 12, "x2": 19, "y2": 18},
        {"x1": 19, "y1": 27, "x2": 21, "y2": 27},
        {"x1": 19, "y1": 28, "x2": 19, "y2": 37},
        {"x1": 20, "y1": 17, "x2": 22, "y2": 17},
        {"x1": 20, "y1": 39, "x2": 23, "y2": 39},
        {"x1": 21, "y1": 37, "x2": 23, "y2": 37},
        {"x1": 22, "y1": 38, "x2": 33, "y2": 38},
        {"x1": 23, "y1": 22, "x2": 25, "y2": 22},
        {"x1": 24, "y1": 8, "x2": 27, "y2": 8},
        {"x1": 24, "y1": 27, "x2": 24, "y2": 30},
        {"x1": 25, "y1": 23, "x2": 27, "y2": 23},
        {"x1": 25, "y1": 18, "x2": 28, "y2": 18},
        {"x1": 25, "y1": 30, "x2": 25, "y2": 32},
        {"x1": 25, "y1": 39, "x2": 27, "y2": 39},
        {"x1": 26, "y1": 10, "x2": 26, "y2": 12},
        {"x1": 27, "y1": 1, "x2": 34, "y2": 1},
        {"x1": 28, "y1": 10, "x2": 28, "y2": 12},
        {"x1": 28, "y1": 17, "x2": 30, "y2": 17},
        {"x1": 28, "y1": 24, "x2": 28, "y2": 26},
        {"x1": 29, "y1": 2, "x2": 34, "y2": 2},
        {"x1": 29, "y1": 26, "x2": 36, "y2": 26},
        {"x1": 31, "y1": 21, "x2": 31, "y2": 24},
        {"x1": 31, "y1": 27, "x2": 33, "y2": 27},
        {"x1": 33, "y1": 0, "x2": 36, "y2": 0},
        {"x1": 33, "y1": 13, "x2": 33, "y2": 15},
        {"x1": 33, "y1": 28, "x2": 35, "y2": 28},
        {"x1": 33, "y1": 37, "x2": 39, "y2": 37},
        {"x1": 34, "y1": 11, "x2": 34, "y2": 13},
        {"x1": 35, "y1": 21, "x2": 35, "y2": 23},
        {"x1": 35, "y1": 38, "x2": 39, "y2": 38},
        {"x1": 37, "y1": 0, "x2": 37, "y2": 2},
        {"x1": 37, "y1": 22, "x2": 37, "y2": 30},
        {"x1": 38, "y1": 2, "x2": 38, "y2": 4},
        {"x1": 38, "y1": 6, "x2": 38, "y2": 8},
        {"x1": 38, "y1": 10, "x2": 38, "y2": 26},
        {"x1": 38, "y1": 28, "x2": 38, "y2": 31},
        {"x1": 39, "y1": 0, "x2": 39, "y2": 22},
        {"x1": 39, "y1": 25, "x2": 39, "y2": 34}
      ]
    },
    {
      "type": "exploration", "name": "elem112",
      "squares": [
        {"x1": 29, "y1": 25, "x2": 34, "y2": 25},
        {"x1": 31, "y1": 17, "x2": 31, "y2": 20},
        {"x1": 32, "y1": 15, "x2": 32, "y2": 18},
        {"x1": 32, "y1": 22, "x2": 32, "y2": 24},
        {"x1": 33, "y1": 18, "x2": 33, "y2": 21},
        {"x1": 34, "y1": 3, "x2": 34, "y2": 5},
        {"x1": 34, "y1": 14, "x2": 34, "y2": 22},
        {"x1": 35, "y1": 12, "x2": 36, "y2": 13},
        {"x1": 35, "y1": 15, "x2": 35, "y2": 18},
        {"x1": 35, "y1": 24, "x2": 36, "y2": 25},
        {"x1": 36, "y1": 14, "x2": 36, "y2": 15},
        {"x1": 36, "y1": 20, "x2": 36, "y2": 23},
        {"x1": 37, "y1": 14, "x2": 37, "y2": 17},
        {"x1": 37, "y1": 19, "x2": 37, "y2": 21}
      ]
    },
    {
      "type": "exploration", "name": "elem116",
      "squares": [
        {"x1": 2, "y1": 27, "x2": 2, "y2": 29},
        {"x1": 3, "y1": 22, "x2": 5, "y2": 22},
        {"x1": 3, "y1": 26, "x2": 5, "y2": 27},
        {"x1": 4, "y1": 23, "x2": 10, "y2": 23},
        {"x1": 7, "y1": 26, "x2": 8, "y2": 27},
        {"x1": 20, "y1": 35, "x2": 22, "y2": 36},
        {"x1": 26, "y1": 21, "x2": 27, "y2": 22},
        {"x1": 28, "y1": 19, "x2": 28, "y2": 23},
        {"x1": 29, "y1": 18, "x2": 30, "y2": 23}
      ]
    }

  ],

  "obstacle": [
    {
      "type": "field", "name": "elem3",
      "points": [
        {"x": 5, "y": 9},
        {"x": 5, "y": 10},
        {"x": 6, "y": 10},
        {"x": 6, "y": 11},
        {"x": 6, "y": 15},
        {"x": 7, "y": 11},
        {"x": 7, "y": 12},
        {"x": 7, "y": 16},
        {"x": 8, "y": 7},
        {"x": 8, "y": 12},
        {"x": 8, "y": 17},
        {"x": 9, "y": 5},
        {"x": 9, "y": 8},
        {"x": 9, "y": 9},
        {"x": 9, "y": 13},
        {"x": 9, "y": 16},
        {"x": 9, "y": 17},
        {"x": 10, "y": 5},
        {"x": 10, "y": 9},
        {"x": 10, "y": 10},
        {"x": 10, "y": 15},
        {"x": 10, "y": 17},
        {"x": 11, "y": 10},
        {"x": 11, "y": 11},
        {"x": 11, "y": 14},
        {"x": 12, "y": 9},
        {"x": 12, "y": 11},
        {"x": 12, "y": 13},
        {"x": 12, "y": 14},
        {"x": 13, "y": 6},
        {"x": 13, "y": 9},
        {"x": 13, "y": 13},
        {"x": 14, "y": 16},
        {"x": 15, "y": 16},
        {"x": 16, "y": 13},
        {"x": 17, "y": 10},
        {"x": 17, "y": 13},
        {"x": 17, "y": 14},
        {"x": 20, "y": 10},
        {"x": 20, "y": 11},
        {"x": 20, "y": 13},
        {"x": 20, "y": 15},
        {"x": 21, "y": 12},
        {"x": 22, "y": 16},
        {"x": 23, "y": 7},
        {"x": 23, "y": 10},
        {"x": 23, "y": 11},
        {"x": 24, "y": 14},
        {"x": 26, "y": 6},
        {"x": 27, "y": 9},
        {"x": 27, "y": 10},
        {"x": 27, "y": 12},
        {"x": 29, "y": 5},
        {"x": 29, "y": 6},
        {"x": 30, "y": 8},
        {"x": 30, "y": 9}
      ]
    },
    {
      "type": "field", "name": "elem16",
      "points": [
        {"x": 12, "y": 26}
      ]
    },
    {
      "type": "exploration", "name": "elem102",
      "points": [
        {"x": 11, "y": 3},
        {"x": 13, "y": 2},
        {"x": 13, "y": 4},
        {"x": 13, "y": 5},
        {"x": 14, "y": 2},
        {"x": 14, "y": 3},
        {"x": 15, "y": 3},
        {"x": 15, "y": 4},
        {"x": 17, "y": 6},
        {"x": 18, "y": 2},
        {"x": 19, "y": 2},
        {"x": 22, "y": 4}
      ]
    },
    {
      "type": "exploration", "name": "elem103",
      "points": [
        {"x": 9, "y": 34},
        {"x": 11, "y": 33},
        {"x": 20, "y": 18},
        {"x": 24, "y": 36},
        {"x": 26, "y": 28}
      ]
    },
    {
      "type": "exploration", "name": "elem104",
      "points": [
        {"x": 2, "y": 10},
        {"x": 30, "y": 32},
        {"x": 32, "y": 19},
        {"x": 33, "y": 4},
        {"x": 33, "y": 22},
        {"x": 35, "y": 14},
        {"x": 35, "y": 30},
        {"x": 36, "y": 19}
      ]
    },
    {
      "type": "exploration", "name": "elem105",
      "points": [
        {"x": 26, "y": 34}
      ]
    },
    {
      "type": "exploration", "name": "elem106",
      "points": [
        {"x": 9, "y": 3},
        {"x": 25, "y": 14},
        {"x": 28, "y": 30},
        {"x": 29, "y": 3}
      ]
    },
    {
      "type": "exploration", "name": "elem107",
      "points": [
        {"x": 10, "y": 34},
        {"x": 17, "y": 20},
        {"x": 27, "y": 25},
        {"x": 29, "y": 34},
        {"x": 31, "y": 7},
        {"x": 31, "y": 34},
        {"x": 32, "y": 30},
        {"x": 32, "y": 32},
        {"x": 34, "y": 31},
        {"x": 34, "y": 33},
        {"x": 37, "y": 33}
      ]
    },
    {
      "type": "exploration", "name": "elem108",
      "points": [
        {"x": 20, "y": 28},
        {"x": 24, "y": 31},
        {"x": 24, "y": 32}
      ]
    },
    {
      "type": "exploration", "name": "elem109",
      "points": [
        {"x": 3, "y": 2},
        {"x": 3, "y": 3},
        {"x": 4, "y": 2},
        {"x": 16, "y": 27},
        {"x": 16, "y": 28},
        {"x": 17, "y": 32},
        {"x": 17, "y": 33},
        {"x": 17, "y": 35},
        {"x": 25, "y": 2},
        {"x": 26, "y": 2},
        {"x": 28, "y": 2},
        {"x": 35, "y": 8},
        {"x": 35, "y": 9},
        {"x": 38, "y": 9}
      ]
    },
    {
      "type": "exploration", "name": "elem110",
      "points": [
        {"x": 2, "y": 2},
        {"x": 2, "y": 30},
        {"x": 2, "y": 31},
        {"x": 3, "y": 4},
        {"x": 3, "y": 5},
        {"x": 3, "y": 20},
        {"x": 3, "y": 23},
        {"x": 3, "y": 28},
        {"x": 3, "y": 29},
        {"x": 4, "y": 3},
        {"x": 4, "y": 4},
        {"x": 5, "y": 24},
        {"x": 5, "y": 28},
        {"x": 6, "y": 14},
        {"x": 6, "y": 22},
        {"x": 7, "y": 9},
        {"x": 7, "y": 10},
        {"x": 7, "y": 14},
        {"x": 7, "y": 15},
        {"x": 7, "y": 24},
        {"x": 8, "y": 10},
        {"x": 8, "y": 11},
        {"x": 8, "y": 15},
        {"x": 8, "y": 22},
        {"x": 9, "y": 7},
        {"x": 9, "y": 21},
        {"x": 9, "y": 22},
        {"x": 10, "y": 2},
        {"x": 10, "y": 24},
        {"x": 10, "y": 38},
        {"x": 11, "y": 2},
        {"x": 11, "y": 13},
        {"x": 11, "y": 38},
        {"x": 12, "y": 5},
        {"x": 12, "y": 24},
        {"x": 13, "y": 3},
        {"x": 13, "y": 21},
        {"x": 13, "y": 38},
        {"x": 14, "y": 4},
        {"x": 14, "y": 5},
        {"x": 14, "y": 14},
        {"x": 14, "y": 36},
        {"x": 15, "y": 5},
        {"x": 15, "y": 6},
        {"x": 15, "y": 18},
        {"x": 15, "y": 19},
        {"x": 15, "y": 27},
        {"x": 16, "y": 18},
        {"x": 17, "y": 5},
        {"x": 17, "y": 7},
        {"x": 17, "y": 19},
        {"x": 17, "y": 25},
        {"x": 17, "y": 27},
        {"x": 17, "y": 31},
        {"x": 17, "y": 36},
        {"x": 18, "y": 8},
        {"x": 18, "y": 10},
        {"x": 18, "y": 11},
        {"x": 18, "y": 14},
        {"x": 18, "y": 15},
        {"x": 18, "y": 18},
        {"x": 18, "y": 19},
        {"x": 18, "y": 25},
        {"x": 18, "y": 37},
        {"x": 20, "y": 29},
        {"x": 20, "y": 33},
        {"x": 20, "y": 34},
        {"x": 21, "y": 14},
        {"x": 21, "y": 15},
        {"x": 21, "y": 34},
        {"x": 22, "y": 2},
        {"x": 22, "y": 3},
        {"x": 22, "y": 13},
        {"x": 22, "y": 14},
        {"x": 22, "y": 18},
        {"x": 23, "y": 9},
        {"x": 23, "y": 13},
        {"x": 23, "y": 18},
        {"x": 23, "y": 27},
        {"x": 23, "y": 28},
        {"x": 24, "y": 2},
        {"x": 24, "y": 3},
        {"x": 24, "y": 9},
        {"x": 24, "y": 12},
        {"x": 24, "y": 33},
        {"x": 26, "y": 20},
        {"x": 27, "y": 2},
        {"x": 27, "y": 7},
        {"x": 27, "y": 19},
        {"x": 27, "y": 20},
        {"x": 27, "y": 24},
        {"x": 28, "y": 0},
        {"x": 28, "y": 7},
        {"x": 29, "y": 8},
        {"x": 29, "y": 39},
        {"x": 30, "y": 16},
        {"x": 30, "y": 24},
        {"x": 30, "y": 39},
        {"x": 31, "y": 15},
        {"x": 31, "y": 16},
        {"x": 32, "y": 14},
        {"x": 32, "y": 21},
        {"x": 32, "y": 39},
        {"x": 33, "y": 17},
        {"x": 33, "y": 24},
        {"x": 33, "y": 39},
        {"x": 34, "y": 7},
        {"x": 34, "y": 8},
        {"x": 34, "y": 23},
        {"x": 34, "y": 24},
        {"x": 35, "y": 2},
        {"x": 35, "y": 6},
        {"x": 35, "y": 7},
        {"x": 35, "y": 10},
        {"x": 35, "y": 11},
        {"x": 35, "y": 19},
        {"x": 35, "y": 29},
        {"x": 35, "y": 39},
        {"x": 36, "y": 1},
        {"x": 36, "y": 3},
        {"x": 36, "y": 4},
        {"x": 36, "y": 16},
        {"x": 36, "y": 18},
        {"x": 36, "y": 27},
        {"x": 36, "y": 29},
        {"x": 37, "y": 5},
        {"x": 37, "y": 6},
        {"x": 37, "y": 10},
        {"x": 37, "y": 11},
        {"x": 37, "y": 13},
        {"x": 37, "y": 18},
        {"x": 37, "y": 39},
        {"x": 38, "y": 0},
        {"x": 38, "y": 36},
        {"x": 39, "y": 36}
      ]
    },
    {
      "type": "exploration", "name": "elem111",
      "points": [
        {"x": 19, "y": 22}
      ]
    },
    {
      "type": "exploration", "name": "elem112",
      "points": [
        {"x": 29, "y": 24},
        {"x": 30, "y": 29},
        {"x": 30, "y": 34},
        {"x": 31, "y": 31},
        {"x": 31, "y": 33},
        {"x": 32, "y": 3},
        {"x": 32, "y": 20},
        {"x": 33, "y": 3},
        {"x": 33, "y": 16},
        {"x": 33, "y": 23},
        {"x": 33, "y": 29},
        {"x": 33, "y": 31},
        {"x": 33, "y": 33},
        {"x": 35, "y": 20},
        {"x": 35, "y": 32},
        {"x": 36, "y": 17},
        {"x": 36, "y": 31},
        {"x": 36, "y": 33},
        {"x": 37, "y": 12}
      ]
    },
    {
      "type": "exploration", "name": "elem113",
      "points": [
        {"x": 12, "y": 30},
        {"x": 21, "y": 10},
        {"x": 24, "y": 23}
      ]
    },
    {
      "type": "exploration", "name": "elem114",
      "points": [
        {"x": 6, "y": 32},
        {"x": 14, "y": 25}
      ]
    },
    {
      "type": "exploration", "name": "elem116",
      "points": [
        {"x": 3, "y": 21},
        {"x": 3, "y": 24},
        {"x": 4, "y": 24},
        {"x": 4, "y": 28},
        {"x": 6, "y": 24},
        {"x": 7, "y": 22},
        {"x": 8, "y": 24},
        {"x": 8, "y": 38},
        {"x": 9, "y": 24},
        {"x": 9, "y": 38},
        {"x": 11, "y": 24},
        {"x": 14, "y": 38},
        {"x": 15, "y": 38},
        {"x": 17, "y": 37},
        {"x": 20, "y": 37},
        {"x": 25, "y": 21}
      ]
    }
  ],

  "districts": [
    {
      "square": {
        "x1": 3, "y1": 26, "x2": 15, "y2": 36
      },
      "npcs": [
        {"name": "MiZhiDiRedWorm1", "x": 7, "y": 29},
        {"name": "MiZhiDiMole1", "x": 10, "y": 31},
        {"name": "MiZhiDiGreenFlower1", "x": 12, "y": 34}
      ]
    },
    {
      "square": {
        "x1": 2, "y1": 2, "x2": 17, "y2": 19
      },
      "npcs": [
        {"name": "MiZhiDiRedWorm1", "x": 6, "y": 17},
        {"name": "MiZhiDiMole1", "x": 8, "y": 6},
        {"name": "MiZhiDiGreenFlower1", "x": 13, "y": 17},
        {"name": "MiZhiDiButterfly1", "x": 11, "y": 8}
      ]
    },
    {
      "square": {
        "x1": 19, "y1": 3, "x2": 34, "y2": 17
      },
      "npcs": [
        {"name": "MiZhiDiGreenFlower1", "x": 24, "y": 10},
        {"name": "MiZhiDiButterfly1", "x": 26, "y": 4},
        {"name": "MiZhiDiRedFlower1", "x": 32, "y": 12},
        {"name": "MiZhiDiSmallTree2", "x": 30, "y": 14}
      ]
    },
    {
      "square": {
        "x1": 23, "y1": 27, "x2": 38, "y2": 37
      },
      "npcs": [
        {"name": "MiZhiDiGreenFlower2", "x": 24, "y": 34},
        {"name": "MiZhiDiRedFlower1", "x": 28, "y": 34},
        {"name": "MiZhiDiLargeTree1", "x": 35, "y": 34}
      ]
    }
  ]

}