{

  "basic": {
    "name": "MiZhiDi3",
    "width": 30,
    "height": 18,
    "scroll": [0, 2],
    "music": "T3.ogg",
    "begin": [0, 5],
    "finish": [29, 5]
  },

  "floors": [
    {
      "type": "field", "name": "elem1",
      "squares": [
        {"x1": 0, "y1": 0, "x2": 29, "y2": 17}
      ]
    },
	{
      "type": "field", "name": "elem21",
      "squares": [
        {"x1": 5, "y1": 3, "x2": 7, "y2": 3},
        {"x1": 16, "y1": 10, "x2": 20, "y2": 10},
        {"x1": 27, "y1": 5, "x2": 29, "y2": 5}
      ]
    }
  ],

  "floor": [
    {
      "type": "field", "name": "elem17",
      "points": [
        {"x": 7, "y": 11},
        {"x": 8, "y": 4},
        {"x": 8, "y": 12},
        {"x": 10, "y": 5},
        {"x": 10, "y": 13},
        {"x": 22, "y": 5},
        {"x": 23, "y": 7},
        {"x": 25, "y": 4},
        {"x": 26, "y": 5}
      ]
    },
    {
      "type": "field", "name": "elem18",
      "points": [
        {"x": 2, "y": 4},
        {"x": 4, "y": 3},
        {"x": 7, "y": 9},
        {"x": 8, "y": 8},
        {"x": 9, "y": 7},
        {"x": 12, "y": 12},
        {"x": 14, "y": 11},
        {"x": 15, "y": 10},
        {"x": 21, "y": 9},
        {"x": 22, "y": 4},
        {"x": 23, "y": 3}
      ]
    },
    {
      "type": "field", "name": "elem19",
      "points": [
        {"x": 2, "y": 5},
        {"x": 4, "y": 4},
        {"x": 8, "y": 9},
        {"x": 9, "y": 8},
        {"x": 11, "y": 7},
        {"x": 12, "y": 13},
        {"x": 14, "y": 12},
        {"x": 15, "y": 11},
        {"x": 21, "y": 10},
        {"x": 23, "y": 4},
        {"x": 24, "y": 9}
      ]
    },
    {
      "type": "field", "name": "elem20",
      "points": [
        {"x": 8, "y": 3},
        {"x": 8, "y": 11},
        {"x": 10, "y": 4},
        {"x": 10, "y": 12},
        {"x": 11, "y": 5},
        {"x": 23, "y": 5},
        {"x": 24, "y": 7},
        {"x": 25, "y": 3},
        {"x": 26, "y": 4}
      ]
    },
    {
      "type": "field", "name": "elem21",
      "points": [
        {"x": 0, "y": 5},
        {"x": 1, "y": 5},
        {"x": 3, "y": 4},
        {"x": 9, "y": 4},
        {"x": 9, "y": 12},
        {"x": 10, "y": 7},
        {"x": 11, "y": 13},
        {"x": 13, "y": 12},
        {"x": 22, "y": 9},
        {"x": 23, "y": 9},
        {"x": 24, "y": 3}
      ]
    },
    {
      "type": "field", "name": "elem22",
      "points": [
        {"x": 7, "y": 10},
        {"x": 11, "y": 6},
        {"x": 23, "y": 6},
        {"x": 24, "y": 8}
      ]
    }
  ],

  "obstacles": [
    {
      "type": "exploration", "name": "elem102",
      "squares": [
        {"x1": 2, "y1": 2, "x2": 12, "y2": 2}
      ]
    },
    {
      "type": "exploration", "name": "elem108",
      "squares": [
        {"x1": 14, "y1": 9, "x2": 15, "y2": 10},
        {"x1": 14, "y1": 15, "x2": 18, "y2": 15},
        {"x1": 17, "y1": 13, "x2": 18, "y2": 14},
        {"x1": 20, "y1": 6, "x2": 22, "y2": 8},
        {"x1": 23, "y1": 11, "x2": 25, "y2": 13},
        {"x1": 27, "y1": 4, "x2": 28, "y2": 7}
      ]
    },
    {
      "type": "exploration", "name": "elem109",
      "squares": [
        {"x1": 2, "y1": 8, "x2": 6, "y2": 9},
        {"x1": 12, "y1": 7, "x2": 14, "y2": 7},
        {"x1": 13, "y1": 2, "x2": 15, "y2": 2},
        {"x1": 15, "y1": 3, "x2": 16, "y2": 4},
        {"x1": 15, "y1": 5, "x2": 17, "y2": 7}
      ]
    },
    {
      "type": "exploration", "name": "elem110",
      "squares": [
        {"x1": 0, "y1": 0, "x2": 29, "y2": 1},
        {"x1": 0, "y1": 2, "x2": 1, "y2": 4},
        {"x1": 0, "y1": 7, "x2": 1, "y2": 15},
        {"x1": 0, "y1": 16, "x2": 10, "y2": 17},
        {"x1": 2, "y1": 11, "x2": 3, "y2": 13},
        {"x1": 4, "y1": 10, "x2": 5, "y2": 12},
        {"x1": 12, "y1": 8, "x2": 18, "y2": 8},
        {"x1": 12, "y1": 16, "x2": 21, "y2": 17},
        {"x1": 17, "y1": 2, "x2": 18, "y2": 4},
        {"x1": 18, "y1": 5, "x2": 19, "y2": 7},
        {"x1": 19, "y1": 14, "x2": 26, "y2": 15},
        {"x1": 23, "y1": 16, "x2": 29, "y2": 17},
        {"x1": 28, "y1": 2, "x2": 29, "y2": 3},
        {"x1": 28, "y1": 8, "x2": 29, "y2": 15}
      ]
    },
    {
      "type": "exploration", "name": "elem116",
      "squares": [
        {"x1": 2, "y1": 14, "x2": 5, "y2": 14}
      ]
    }
  ],

  "obstacle": [
    {
      "type": "field", "name": "elem6",
      "points": [
        {"x": 16, "y": 2}
      ]
    },
    {
      "type": "field", "name": "elem10",
      "points": [
        {"x": 1, "y": 1},
        {"x": 1, "y": 9},
        {"x": 4, "y": 11},
        {"x": 8, "y": 16},
        {"x": 9, "y": 0},
        {"x": 10, "y": 9},
        {"x": 20, "y": 15},
        {"x": 23, "y": 1},
        {"x": 28, "y": 8},
        {"x": 28, "y": 13}
      ]
    },
    {
      "type": "field", "name": "elem12",
      "points": [
        {"x": 24, "y": 4}
      ]
    },
    {
      "type": "field", "name": "elem13",
      "points": [
        {"x": 2, "y": 15}
      ]
    },
    {
      "type": "field", "name": "elem14",
      "points": [
        {"x": 5, "y": 15}
      ]
    },
    {
      "type": "field", "name": "elem15",
      "points": [
        {"x": 8, "y": 15}
      ]
    },
    {
      "type": "exploration", "name": "elem102",
      "points": [
        {"x": 2, "y": 3},
        {"x": 3, "y": 3}
      ]
    },
    {
      "type": "exploration", "name": "elem103",
      "points": [
        {"x": 11, "y": 16},
        {"x": 16, "y": 14},
        {"x": 20, "y": 2}
      ]
    },
    {
      "type": "exploration", "name": "elem104",
      "points": [
        {"x": 3, "y": 6},
        {"x": 14, "y": 3},
        {"x": 21, "y": 2}
      ]
    },
    {
      "type": "exploration", "name": "elem105",
      "points": [
        {"x": 26, "y": 10},
        {"x": 27, "y": 15}
      ]
    },
    {
      "type": "exploration", "name": "elem106",
      "points": [
        {"x": 7, "y": 5},
        {"x": 11, "y": 12}
      ]
    },
    {
      "type": "exploration", "name": "elem107",
      "points": [
        {"x": 12, "y": 9},
        {"x": 22, "y": 12}
      ]
    },
    {
      "type": "exploration", "name": "elem108",
      "points": [
        {"x": 15, "y": 11},
        {"x": 16, "y": 10},
        {"x": 16, "y": 11},
        {"x": 16, "y": 12},
        {"x": 17, "y": 12}
      ]
    },
    {
      "type": "exploration", "name": "elem109",
      "points": [
        {"x": 2, "y": 10},
        {"x": 3, "y": 10}
      ]
    },
    {
      "type": "exploration", "name": "elem110",
      "points": [
        {"x": 3, "y": 15},
        {"x": 4, "y": 15},
        {"x": 6, "y": 10},
        {"x": 6, "y": 14},
        {"x": 6, "y": 15},
        {"x": 7, "y": 15},
        {"x": 8, "y": 10},
        {"x": 9, "y": 10},
        {"x": 11, "y": 9},
        {"x": 11, "y": 17},
        {"x": 16, "y": 9},
        {"x": 17, "y": 11},
        {"x": 18, "y": 11},
        {"x": 18, "y": 12},
        {"x": 19, "y": 12},
        {"x": 19, "y": 13},
        {"x": 21, "y": 13},
        {"x": 22, "y": 13},
        {"x": 22, "y": 17},
        {"x": 26, "y": 13},
        {"x": 27, "y": 13},
        {"x": 27, "y": 14},
        {"x": 29, "y": 4},
        {"x": 29, "y": 7}
      ]
    },
    {
      "type": "exploration", "name": "elem111",
      "points": [
        {"x": 23, "y": 8}
      ]
    },
    {
      "type": "exploration", "name": "elem114",
      "points": [
        {"x": 7, "y": 10}
      ]
    },
    {
      "type": "exploration", "name": "elem116",
      "points": [
        {"x": 4, "y": 13},
        {"x": 5, "y": 13}
      ]
    }
  ],

  "districts": [
    {
      "square": {
        "x1": 2, "y1": 2, "x2": 17, "y2": 8
      },
      "npcs": [
        {"name": "MiZhiDiGreenFlower1", "x": 8, "y": 5},
        {"name": "MiZhiDiGreenFlower2", "x": 13, "y": 5}
      ]
    },
    {
      "square": {
        "x1": 6, "y1": 10, "x2": 18, "y2": 15
      },
      "npcs": [
        {"name": "MiZhiDiRedFlower2", "x": 10, "y": 10},
        {"name": "MiZhiDiLargeTree2", "x": 15, "y": 13}
      ]
    },
    {
      "square": {
        "x1": 19, "y1": 2, "x2": 27, "y2": 12
      },
      "npcs": [
        {"name": "MiZhiDiRedFlower2", "x": 24, "y": 6},
        {"name": "MiZhiDiSmallTree1", "x": 22, "y": 3},
        {"name": "MiZhiDiStoneGiant1", "x": 26, "y": 3}
      ]
    }
  ]

}