{

  "basic": {
    "name": "MiZhiDi1",
    "width": 30,
    "height": 30,
    "scroll": [0, 0],
    "music": "T3.ogg",
    "begin": [1, 3],
    "finish": [29, 22]
  },

  "floors": [
    {
      "type": "exploration", "name": "elem115",
      "squares": [
        {"x1": 0, "y1": 0, "x2": 29, "y2": 29}
      ]
    },
	{
      "type": "exploration", "name": "elem117",
      "squares": [
        {"x1": 0, "y1": 4, "x2": 8, "y2": 4},
		{"x1": 12, "y1": 7, "x2": 15, "y2": 7},
		{"x1": 15, "y1": 22, "x2": 29, "y2": 22},
		{"x1": 18, "y1": 11, "x2": 19, "y2": 11},
		{"x1": 19, "y1": 5, "x2": 23, "y2": 5},
		{"x1": 21, "y1": 10, "x2": 22, "y2": 10}
      ]
    },
	{
      "type": "exploration", "name": "elem120",
      "squares": [
		{"x1": 14, "y1": 14, "x2": 14, "y2": 15},
        {"x1": 24, "y1": 6, "x2": 24, "y2": 8}
      ]
    }
  ],

  "floor": [
    {
      "type": "exploration", "name": "elem117",
      "points": [
		{"x": 13, "y": 20},
		{"x": 16, "y": 12},
        {"x": 17, "y": 6}
      ]
    },
	{
      "type": "exploration", "name": "elem118",
      "points": [
		{"x": 9, "y": 4},
		{"x": 10, "y": 5},
        {"x": 11, "y": 6},
		{"x": 14, "y": 20},
		{"x": 24, "y": 5}
      ]
    },
	{
      "type": "exploration", "name": "elem119",
      "points": [
		{"x": 14, "y": 16},
		{"x": 13, "y": 18},
		{"x": 15, "y": 13},
		{"x": 16, "y": 7},
		{"x": 17, "y": 12},
		{"x": 18, "y": 6},
		{"x": 20, "y": 11},
		{"x": 23, "y": 10},
		{"x": 24, "y": 9}
      ]
    },
	{
      "type": "exploration", "name": "elem120",
      "points": [
		{"x": 12, "y": 19},
		{"x": 13, "y": 17},
        {"x": 14, "y": 21}
      ]
    },
	{
      "type": "exploration", "name": "elem121",
      "points": [
		{"x": 12, "y": 18},
		{"x": 13, "y": 16},
		{"x": 14, "y": 13},
		{"x": 15, "y": 12},
		{"x": 16, "y": 6},
		{"x": 17, "y": 11},
		{"x": 18, "y": 5},
		{"x": 20, "y": 10},
		{"x": 23, "y": 9}
      ]
    },
	{
      "type": "exploration", "name": "elem122",
      "points": [
		{"x": 9, "y": 5},
		{"x": 10, "y": 6},
		{"x": 11, "y": 7},
		{"x": 12, "y": 20},
		{"x": 14, "y": 22}
      ]
    }
  ],

  "obstacles": [
    {
      "type": "exploration", "name": "elem102",
      "squares": [
        {"x1": 5, "y1": 2, "x2": 17, "y2": 2},
        {"x1": 9, "y1": 18, "x2": 9, "y2": 21},
        {"x1": 10, "y1": 19, "x2": 10, "y2": 22}
      ]
    },
    {
      "type": "exploration", "name": "elem109",
      "squares": [
        {"x1": 2, "y1": 7, "x2": 2, "y2": 9},
        {"x1": 3, "y1": 9, "x2": 3, "y2": 15},
        {"x1": 4, "y1": 11, "x2": 5, "y2": 12},
        {"x1": 4, "y1": 14, "x2": 5, "y2": 15},
        {"x1": 6, "y1": 11, "x2": 12, "y2": 11},
        {"x1": 6, "y1": 13, "x2": 8, "y2": 14},
        {"x1": 7, "y1": 15, "x2": 9, "y2": 15},
        {"x1": 10, "y1": 12, "x2": 10, "y2": 15},
        {"x1": 13, "y1": 9, "x2": 15, "y2": 9}
      ]
    },
    {
      "type": "exploration", "name": "elem110",
      "squares": [
        {"x1": 0, "y1": 0, "x2": 29, "y2": 1},
        {"x1": 0, "y1": 5, "x2": 0, "y2": 29},
        {"x1": 1, "y1": 6, "x2": 1, "y2": 13},
        {"x1": 1, "y1": 15, "x2": 1, "y2": 25},
        {"x1": 1, "y1": 28, "x2": 18, "y2": 29},
        {"x1": 2, "y1": 10, "x2": 2, "y2": 14},
        {"x1": 2, "y1": 27, "x2": 4, "y2": 27},
        {"x1": 6, "y1": 12, "x2": 9, "y2": 12},
        {"x1": 10, "y1": 16, "x2": 10, "y2": 18},
        {"x1": 10, "y1": 23, "x2": 10, "y2": 27},
        {"x1": 11, "y1": 12, "x2": 11, "y2": 20},
        {"x1": 11, "y1": 22, "x2": 11, "y2": 25},
        {"x1": 14, "y1": 10, "x2": 16, "y2": 10},
        {"x1": 17, "y1": 19, "x2": 19, "y2": 19},
        {"x1": 19, "y1": 2, "x2": 19, "y2": 4},
        {"x1": 19, "y1": 6, "x2": 19, "y2": 8},
        {"x1": 19, "y1": 12, "x2": 22, "y2": 12},
        {"x1": 20, "y1": 7, "x2": 22, "y2": 7},
        {"x1": 20, "y1": 28, "x2": 29, "y2": 29},
        {"x1": 24, "y1": 12, "x2": 24, "y2": 14},
        {"x1": 24, "y1": 27, "x2": 29, "y2": 27},
        {"x1": 26, "y1": 24, "x2": 26, "y2": 26},
        {"x1": 27, "y1": 16, "x2": 27, "y2": 20},
        {"x1": 28, "y1": 6, "x2": 28, "y2": 14},
        {"x1": 28, "y1": 18, "x2": 28, "y2": 21},
        {"x1": 28, "y1": 23, "x2": 28, "y2": 26},
        {"x1": 29, "y1": 2, "x2": 29, "y2": 21},
        {"x1": 29, "y1": 23, "x2": 29, "y2": 26}
      ]
    },
    {
      "type": "exploration", "name": "elem116",
      "squares": [
        {"x1": 18, "y1": 14, "x2": 20, "y2": 14},
        {"x1": 19, "y1": 13, "x2": 23, "y2": 13},
        {"x1": 24, "y1": 15, "x2": 25, "y2": 17},
        {"x1": 26, "y1": 15, "x2": 26, "y2": 19}
      ]
    }
  ],

  "obstacle": [
    {
      "type": "exploration", "name": "elem102",
      "points": [
        {"x": 2, "y": 2},
        {"x": 3, "y": 2},
        {"x": 8, "y": 19},
        {"x": 8, "y": 20},
        {"x": 11, "y": 21},
        {"x": 12, "y": 1}
      ]
    },
    {
      "type": "exploration", "name": "elem103",
      "points": [
        {"x": 11, "y": 5},
        {"x": 18, "y": 26},
        {"x": 19, "y": 10},
        {"x": 21, "y": 3},
        {"x": 21, "y": 8},
        {"x": 25, "y": 4},
        {"x": 26, "y": 8}
      ]
    },
    {
      "type": "exploration", "name": "elem104",
      "points": [
        {"x": 3, "y": 23},
        {"x": 4, "y": 25},
        {"x": 5, "y": 19},
        {"x": 5, "y": 20},
        {"x": 20, "y": 2},
        {"x": 20, "y": 9},
        {"x": 20, "y": 23},
        {"x": 26, "y": 4}
      ]
    },
    {
      "type": "exploration", "name": "elem106",
      "points": [
        {"x": 7, "y": 8},
        {"x": 16, "y": 19},
        {"x": 23, "y": 12}
      ]
    },
    {
      "type": "exploration", "name": "elem107",
      "points": [
        {"x": 10, "y": 8},
        {"x": 12, "y": 14}
      ]
    },
    {
      "type": "exploration", "name": "elem109",
      "points": [
        {"x": 2, "y": 15},
        {"x": 9, "y": 13},
        {"x": 12, "y": 10},
        {"x": 13, "y": 10}
      ]
    },
    {
      "type": "exploration", "name": "elem110",
      "points": [
        {"x": 0, "y": 2},
        {"x": 0, "y": 3},
        {"x": 1, "y": 2},
        {"x": 2, "y": 26},
        {"x": 3, "y": 19},
        {"x": 3, "y": 22},
        {"x": 4, "y": 2},
        {"x": 4, "y": 6},
        {"x": 4, "y": 13},
        {"x": 4, "y": 18},
        {"x": 5, "y": 13},
        {"x": 5, "y": 22},
        {"x": 6, "y": 15},
        {"x": 7, "y": 24},
        {"x": 8, "y": 18},
        {"x": 8, "y": 21},
        {"x": 8, "y": 22},
        {"x": 9, "y": 14},
        {"x": 9, "y": 17},
        {"x": 9, "y": 22},
        {"x": 9, "y": 23},
        {"x": 12, "y": 3},
        {"x": 12, "y": 12},
        {"x": 13, "y": 5},
        {"x": 13, "y": 11},
        {"x": 13, "y": 23},
        {"x": 14, "y": 5},
        {"x": 14, "y": 11},
        {"x": 14, "y": 23},
        {"x": 14, "y": 26},
        {"x": 15, "y": 24},
        {"x": 16, "y": 3},
        {"x": 16, "y": 9},
        {"x": 16, "y": 14},
        {"x": 16, "y": 18},
        {"x": 17, "y": 9},
        {"x": 17, "y": 14},
        {"x": 17, "y": 18},
        {"x": 17, "y": 24},
        {"x": 18, "y": 2},
        {"x": 18, "y": 8},
        {"x": 18, "y": 13},
        {"x": 19, "y": 25},
        {"x": 19, "y": 29},
        {"x": 21, "y": 15},
        {"x": 21, "y": 16},
        {"x": 22, "y": 3},
        {"x": 22, "y": 24},
        {"x": 23, "y": 11},
        {"x": 23, "y": 19},
        {"x": 24, "y": 2},
        {"x": 24, "y": 19},
        {"x": 25, "y": 7},
        {"x": 25, "y": 10},
        {"x": 25, "y": 11},
        {"x": 25, "y": 23},
        {"x": 25, "y": 24},
        {"x": 26, "y": 6},
        {"x": 26, "y": 7},
        {"x": 26, "y": 13},
        {"x": 27, "y": 2},
        {"x": 27, "y": 3},
        {"x": 28, "y": 2},
        {"x": 28, "y": 16}
      ]
    },
    {
      "type": "exploration", "name": "elem111",
      "points": [
        {"x": 13, "y": 14}
      ]
    },
    {
      "type": "exploration", "name": "elem112",
      "points": [
        {"x": 2, "y": 18},
        {"x": 2, "y": 23},
        {"x": 3, "y": 16},
        {"x": 3, "y": 17},
        {"x": 3, "y": 24},
        {"x": 4, "y": 23},
        {"x": 5, "y": 16},
        {"x": 6, "y": 17},
        {"x": 6, "y": 18},
        {"x": 6, "y": 20},
        {"x": 6, "y": 21},
        {"x": 6, "y": 23},
        {"x": 7, "y": 19},
        {"x": 7, "y": 22},
        {"x": 8, "y": 16},
        {"x": 8, "y": 25},
        {"x": 12, "y": 16},
        {"x": 13, "y": 24},
        {"x": 16, "y": 26},
        {"x": 17, "y": 25},
        {"x": 18, "y": 23},
        {"x": 20, "y": 26},
        {"x": 21, "y": 20},
        {"x": 22, "y": 25},
        {"x": 22, "y": 26},
        {"x": 23, "y": 4},
        {"x": 24, "y": 3},
        {"x": 24, "y": 23},
        {"x": 24, "y": 25},
        {"x": 25, "y": 12}
      ]
    },
    {
      "type": "exploration", "name": "elem113",
      "points": [
        {"x": 2, "y": 6},
        {"x": 23, "y": 7}
      ]
    },
    {
      "type": "exploration", "name": "elem114",
      "points": [
        {"x": 24, "y": 7},
        {"x": 19, "y": 16}
      ]
    },
    {
      "type": "exploration", "name": "elem116",
      "points": [
        {"x": 14, "y": 18},
        {"x": 16, "y": 15},
        {"x": 19, "y": 21},
        {"x": 21, "y": 18},
        {"x": 24, "y": 21},
        {"x": 27, "y": 15},
        {"x": 28, "y": 15},
        {"x": 28, "y": 17}
      ]
    }
  ],

  "districts": [
    {
      "square": {
        "x1": 3, "y1": 3, "x2": 18, "y2": 10
      },
      "npcs": [
        {"name": "MiZhiDiGreenWorm1", "x": 9, "y": 7},
        {"name": "MiZhiDiRedWorm1", "x": 12, "y": 8},
        {"name": "MiZhiDiGreenWorm2", "x": 16, "y": 5}
      ]
    },
    {
      "square": {
        "x1": 20, "y1": 2, "x2": 28, "y2": 13
      },
      "npcs": [
        {"name": "MiZhiDiRedWorm1", "x": 24, "y": 10},
        {"name": "MiZhiDiGreenWorm2", "x": 24, "y": 4}
      ]
    },
    {
      "square": {
        "x1": 12, "y1": 15, "x2": 27, "y2": 27
      },
      "npcs": [
        {"name": "MiZhiDiGreenWorm1", "x": 18, "y": 17},
        {"name": "MiZhiDiRedWorm1", "x": 20, "y": 20},
        {"name": "MiZhiDiGreenWorm2", "x": 13, "y": 21},
        {"name": "MiZhiDiRedWorm2", "x": 20, "y": 25}
      ]
    }
  ]

}