{

  "basic": {
    "name": "MiZhiDi4",
    "width": 25,
    "height": 18,
    "scroll": [0, 1],
    "music": "scene2.ogg",
    "begin": [0, 8]
  },

  "floors": [
    {
      "type": "field", "name": "elem1",
      "squares": [
        {"x1": 0, "y1": 0, "x2": 24, "y2": 17}
      ]
    },
	{
      "type": "field", "name": "elem21",
      "squares": [
        {"x1": 0, "y1": 8, "x2": 15, "y2": 8}
      ]
    }
  ],

  "floor": [

  ],

  "obstacles": [
    {
      "type": "field", "name": "elem2",
      "squares": [
        {"x1": 2, "y1": 5, "x2": 7, "y2": 5},
        {"x1": 2, "y1": 11, "x2": 6, "y2": 11},
        {"x1": 8, "y1": 4, "x2": 9, "y2": 12}
      ]
    },
    {
      "type": "field", "name": "elem3",
      "squares": [
        {"x1": 2, "y1": 2, "x2": 7, "y2": 4},
        {"x1": 2, "y1": 12, "x2": 7, "y2": 14},
        {"x1": 11, "y1": 4, "x2": 11, "y2": 6},
        {"x1": 11, "y1": 10, "x2": 11, "y2": 12},
        {"x1": 12, "y1": 3, "x2": 12, "y2": 5},
        {"x1": 12, "y1": 11, "x2": 12, "y2": 13},
        {"x1": 13, "y1": 2, "x2": 18, "y2": 4},
        {"x1": 13, "y1": 12, "x2": 18, "y2": 14},
        {"x1": 19, "y1": 2, "x2": 19, "y2": 5},
        {"x1": 19, "y1": 11, "x2": 19, "y2": 14},
        {"x1": 20, "y1": 3, "x2": 20, "y2": 6},
        {"x1": 20, "y1": 10, "x2": 20, "y2": 13},
        {"x1": 21, "y1": 4, "x2": 21, "y2": 12},
        {"x1": 22, "y1": 5, "x2": 22, "y2": 11}
      ]
    },
    {
      "type": "field", "name": "elem4",
      "squares": [
        {"x1": 13, "y1": 5, "x2": 18, "y2": 5},
        {"x1": 13, "y1": 11, "x2": 16, "y2": 11},
        {"x1": 20, "y1": 7, "x2": 20, "y2": 9}
      ]
    },
    {
      "type": "field", "name": "elem8",
      "squares": [
        {"x1": 0, "y1": 0, "x2": 1, "y2": 6},
        {"x1": 0, "y1": 10, "x2": 1, "y2": 16},
        {"x1": 2, "y1": 0, "x2": 20, "y2": 1},
        {"x1": 2, "y1": 15, "x2": 20, "y2": 16},
        {"x1": 5, "y1": 17, "x2": 20, "y2": 17},
        {"x1": 9, "y1": 2, "x2": 11, "y2": 3},
        {"x1": 9, "y1": 13, "x2": 11, "y2": 14},
        {"x1": 10, "y1": 4, "x2": 10, "y2": 7},
        {"x1": 10, "y1": 9, "x2": 10, "y2": 12},
        {"x1": 21, "y1": 0, "x2": 24, "y2": 3},
        {"x1": 21, "y1": 13, "x2": 24, "y2": 17},
        {"x1": 23, "y1": 4, "x2": 24, "y2": 12}
      ]
    }
  ],

  "obstacle": [
    {
      "type": "field", "name": "elem2",
      "points": [
        {"x": 8, "y": 3},
        {"x": 8, "y": 13}
      ]
    },
    {
      "type": "field", "name": "elem4",
      "points": [
        {"x": 11, "y": 7},
        {"x": 11, "y": 9},
        {"x": 12, "y": 6},
        {"x": 12, "y": 10},
        {"x": 19, "y": 6},
        {"x": 19, "y": 10}
      ]
    },
    {
      "type": "field", "name": "elem6",
      "points": [
        {"x": 17, "y": 4},
        {"x": 17, "y": 11}
      ]
    },
    {
      "type": "field", "name": "elem8",
      "points": [
        {"x": 0, "y": 7},
        {"x": 0, "y": 9},
        {"x": 8, "y": 2},
        {"x": 12, "y": 2},
        {"x": 8, "y": 14},
        {"x": 12, "y": 14},
        {"x": 20, "y": 2},
        {"x": 20, "y": 14},
        {"x": 22, "y": 4},
        {"x": 22, "y": 12}
      ]
    },
    {
      "type": "field", "name": "elem9",
      "points": [
        {"x": 2, "y": 7}
      ]
    },
    {
      "type": "field", "name": "elem10",
      "points": [
        {"x": 0, "y": 4},
        {"x": 1, "y": 11},
        {"x": 4, "y": 15},
        {"x": 9, "y": 1},
        {"x": 10, "y": 15},
        {"x": 11, "y": 0},
        {"x": 21, "y": 15},
        {"x": 22, "y": 1},
        {"x": 23, "y": 2},
        {"x": 23, "y": 13},
        {"x": 24, "y": 7}
      ]
    },
    {
      "type": "field", "name": "elem11",
      "points": [
        {"x": 16, "y": 7}
      ]
    },
    {
      "type": "field", "name": "elem12",
      "points": [
        {"x": 4, "y": 3},
        {"x": 7, "y": 11}
      ]
    }
  ],

  "districts": [
    {
      "square": {
        "x1": 2, "y1": 2, "x2": 9, "y2": 14
      },
      "npcs": [
        {"name": "MiZhiDiRedFlower1", "x": 7, "y": 7},
        {"name": "MiZhiDiStoneGiant2", "x": 7, "y": 9}
      ]
    },
    {
      "square": {
        "x1": 11, "y1": 2, "x2": 22, "y2": 14
      },
      "npcs": [
        {"name": "MiZhiDiGreenWorm3", "x": 15, "y": 4},
        {"name": "MiZhiDiGreenWorm3", "x": 15, "y": 12},
        {"name": "MiZhiDiRedWizard", "x": 15, "y": 8}
      ]
    }
  ]

}