{

  "basic": {
    "name": "YongDong2",
    "width": 21,
    "height": 18,
    "scroll": [0, 5],
    "music": "ewn02.ogg",
    "begin": [9, 17]
  },

  "floors": [
    {
      "type": "exploration", "name": "elem220",
      "squares": [
        {"x1": 0, "y1": 0, "x2": 20, "y2": 17}
      ]
    }
  ],

  "floor": [

  ],

  "obstacles": [
    {
      "type": "exploration", "name": "elem212",
      "squares": [
        {"x1": 0, "y1": 0, "x2": 3, "y2": 17},
        {"x1": 4, "y1": 0, "x2": 16, "y2": 0},
        {"x1": 4, "y1": 12, "x2": 8, "y2": 12},
        {"x1": 4, "y1": 17, "x2": 7, "y2": 17},
        {"x1": 12, "y1": 12, "x2": 16, "y2": 12},
        {"x1": 13, "y1": 17, "x2": 16, "y2": 17},
        {"x1": 17, "y1": 0, "x2": 20, "y2": 17}
      ]
    },
    {
      "type": "exploration", "name": "elem216",
      "squares": [
        {"x1": 4, "y1": 13, "x2": 7, "y2": 14},
        {"x1": 4, "y1": 15, "x2": 6, "y2": 16},
        {"x1": 13, "y1": 13, "x2": 16, "y2": 14},
        {"x1": 14, "y1": 15, "x2": 16, "y2": 16}
      ]
    }
  ],

  "obstacle": [
    {
      "type": "common", "name": "elem63",
      "points": [
        {"x": 9, "y": 5}
      ]
    },
    {
      "type": "exploration", "name": "elem212",
      "points": [
        {"x": 7, "y": 15},
        {"x": 7, "y": 16},
        {"x": 8, "y": 13},
        {"x": 8, "y": 14},
        {"x": 8, "y": 15},
        {"x": 12, "y": 13},
        {"x": 12, "y": 14},
        {"x": 12, "y": 15},
        {"x": 13, "y": 15},
        {"x": 13, "y": 16}
      ]
    },
    {
      "type": "pve", "name": "elem273",
      "points": [
        {"x": 7, "y": 4},
        {"x": 7, "y": 8},
        {"x": 13, "y": 4},
        {"x": 13, "y": 8}
      ]
    }
  ],

  "districts": [
    {
      "square": {
        "x1": 4, "y1": 1, "x2": 15, "y2": 11
      },
      "npcs": [
        {"name": "YongDongEliteMons", "x": 6, "y": 6},
        {"name": "YongDongEliteMons", "x": 14, "y": 6},
        {"name": "YongDongSnowGiant", "x": 10, "y": 3}
      ]
    }
  ]

}