{
  "TYPE": "exploration",
  "NAME": "elem112",
  "WIDTH": 1,
  "HEIGHT": 1,
  "BLOCK": [[[0, 0]], [[0], [0]]],
  "BREAKABLE": true,
  "CAN_HIDE": true,
  "INTERVAL": 80,

  "STAND": {
      "IMG": [
        "elem112_stand_0_0.png"
      ],
      "CX": [-3],
      "CY": [-7]
  },

  "TRIGGER": {
      "IMG": [
        "elem112_trigger_0_0.png",
        "elem112_trigger_0_1.png",
        "elem112_trigger_0_2.png",
        "elem112_trigger_0_3.png",
        "elem112_trigger_0_4.png",
        "elem112_trigger_0_5.png",
        "elem112_trigger_0_6.png"
      ],
      "CX": [-3, -4, -3, -4, -3, -3, -3],
      "CY": [-7, -5, -7, -5, -7, -9, -9]
  },

  "DIE": {
      "IMG": [
      ],
      "CX": [],
      "CY": []
  }

}