{
  "TYPE": "exploration",
  "NAME": "elem114",
  "WIDTH": 1,
  "HEIGHT": 1,
  "BLOCK": [[[0, 0]], [[1], [1]]],
  "BREAKABLE": false,
  "CAN_HIDE": true,
  "INTERVAL": 80,

  "STAND": {
      "IMG": [
        "elem114_stand_0_0.png"
      ],
      "CX": [-4],
      "CY": [-25]
  },

  "TRIGGER": {
      "IMG": [
        "elem114_trigger_0_0.png",
        "elem114_trigger_0_1.png",
        "elem114_trigger_0_2.png",
        "elem114_trigger_0_3.png",
        "elem114_trigger_0_4.png"
      ],
      "CX": [-4, -12, -13, -7, -4],
      "CY": [-25, -26, -30, -29, -28]
  }

}