{

    "NAME": "Character18705",

    "STAND_R": {
        "Len": 6,
        "Cx": -50,
        "Cy": -74,
        "Cloth": {
            "IMG": [
                "cloth18705_stand_0_0.png",
                "cloth18705_stand_0_1.png",
                "cloth18705_stand_0_2.png",
                "cloth18705_stand_0_3.png",
                "cloth18705_stand_0_4.png",
                "cloth18705_stand_0_5.png"
            ],
            "CX": [13, 13, 12, 13, 13, 14],
            "CY": [16, 16, 16, 16, 15, 15]
        }
    },

    "STAND_U": {
        "Len": 6,
        "Cx": -50,
        "Cy": -74,
        "Cloth": {
            "IMG": [
                "cloth18705_stand_0_0.png",
                "cloth18705_stand_0_1.png",
                "cloth18705_stand_0_2.png",
                "cloth18705_stand_0_3.png",
                "cloth18705_stand_0_4.png",
                "cloth18705_stand_0_5.png"
            ],
            "CX": [13, 13, 12, 13, 13, 14],
            "CY": [16, 16, 16, 16, 15, 15]
        }
    },

    "STAND_L": {
        "Len": 6,
        "Cx": -50,
        "Cy": -74,
        "Cloth": {
            "IMG": [
                "cloth18705_stand_0_0.png",
                "cloth18705_stand_0_1.png",
                "cloth18705_stand_0_2.png",
                "cloth18705_stand_0_3.png",
                "cloth18705_stand_0_4.png",
                "cloth18705_stand_0_5.png"
            ],
            "CX": [13, 13, 12, 13, 13, 14],
            "CY": [16, 16, 16, 16, 15, 15]
        }
    },

    "STAND_D": {
        "Len": 6,
        "Cx": -50,
        "Cy": -74,
        "Cloth": {
            "IMG": [
                "cloth18705_stand_0_0.png",
                "cloth18705_stand_0_1.png",
                "cloth18705_stand_0_2.png",
                "cloth18705_stand_0_3.png",
                "cloth18705_stand_0_4.png",
                "cloth18705_stand_0_5.png"
            ],
            "CX": [13, 13, 12, 13, 13, 14],
            "CY": [16, 16, 16, 16, 15, 15]
        }
    },

    "R": {
        "Len": 6,
        "Cx": -50,
        "Cy": -74,
        "Cloth": {
            "IMG": [
                "cloth18705_walk_0_0.png",
                "cloth18705_walk_0_1.png",
                "cloth18705_walk_0_2.png",
                "cloth18705_walk_0_3.png",
                "cloth18705_walk_0_4.png",
                "cloth18705_walk_0_5.png"
            ],
            "CX": [13, 13, 14, 13, 13, 12],
            "CY": [16, 16, 16, 16, 15, 15]
        }
    },

    "U": {
        "Len": 6,
        "Cx": -50,
        "Cy": -74,
        "Cloth": {
            "IMG": [
                "cloth18705_walk_1_0.png",
                "cloth18705_walk_1_1.png",
                "cloth18705_walk_1_2.png",
                "cloth18705_walk_1_3.png",
                "cloth18705_walk_1_4.png",
                "cloth18705_walk_1_5.png"
            ],
            "CX": [13, 13, 12, 13, 13, 14],
            "CY": [16, 16, 16, 16, 15, 15]
        }
    },

    "L": {
        "Len": 6,
        "Cx": -50,
        "Cy": -74,
        "Cloth": {
            "IMG": [
                "cloth18705_walk_2_0.png",
                "cloth18705_walk_2_1.png",
                "cloth18705_walk_2_2.png",
                "cloth18705_walk_2_3.png",
                "cloth18705_walk_2_4.png",
                "cloth18705_walk_2_5.png"
            ],
            "CX": [13, 13, 12, 13, 13, 14],
            "CY": [16, 16, 16, 16, 15, 15]
        }
    },

    "D": {
        "Len": 6,
        "Cx": -50,
        "Cy": -74,
        "Cloth": {
            "IMG": [
                "cloth18705_walk_3_0.png",
                "cloth18705_walk_3_1.png",
                "cloth18705_walk_3_2.png",
                "cloth18705_walk_3_3.png",
                "cloth18705_walk_3_4.png",
                "cloth18705_walk_3_5.png"
            ],
            "CX": [13, 13, 12, 13, 13, 14],
            "CY": [16, 16, 16, 16, 15, 15]
        }
    },

    "INTERVAL": 200
}