{

    "NAME": "Character18702",

    "STAND_R": {
        "Len": 6,
        "Cx": -50,
        "Cy": -74,
        "Cloth": {
            "IMG": [
                "cloth18702_stand_0_0.png",
                "cloth18702_stand_0_1.png",
                "cloth18702_stand_0_2.png",
                "cloth18702_stand_0_3.png",
                "cloth18702_stand_0_4.png",
                "cloth18702_stand_0_5.png"
            ],
            "CX": [26, 26, 26, 26, 26, 26],
            "CY": [17, 20, 22, 22, 22, 19]
        }
    },

    "STAND_U": {
        "Len": 6,
        "Cx": -50,
        "Cy": -74,
        "Cloth": {
            "IMG": [
                "cloth18702_stand_0_0.png",
                "cloth18702_stand_0_1.png",
                "cloth18702_stand_0_2.png",
                "cloth18702_stand_0_3.png",
                "cloth18702_stand_0_4.png",
                "cloth18702_stand_0_5.png"
            ],
            "CX": [26, 26, 26, 26, 26, 26],
            "CY": [17, 20, 22, 22, 22, 19]
        }
    },

    "STAND_L": {
        "Len": 6,
        "Cx": -50,
        "Cy": -74,
        "Cloth": {
            "IMG": [
                "cloth18702_stand_0_0.png",
                "cloth18702_stand_0_1.png",
                "cloth18702_stand_0_2.png",
                "cloth18702_stand_0_3.png",
                "cloth18702_stand_0_4.png",
                "cloth18702_stand_0_5.png"
            ],
            "CX": [26, 26, 26, 26, 26, 26],
            "CY": [17, 20, 22, 22, 22, 19]
        }
    },

    "STAND_D": {
        "Len": 6,
        "Cx": -50,
        "Cy": -74,
        "Cloth": {
            "IMG": [
                "cloth18702_stand_0_0.png",
                "cloth18702_stand_0_1.png",
                "cloth18702_stand_0_2.png",
                "cloth18702_stand_0_3.png",
                "cloth18702_stand_0_4.png",
                "cloth18702_stand_0_5.png"
            ],
            "CX": [26, 26, 26, 26, 26, 26],
            "CY": [17, 20, 22, 22, 22, 19]
        }
    },

    "R": {
        "Len": 6,
        "Cx": -50,
        "Cy": -74,
        "Cloth": {
            "IMG": [
                "cloth18702_walk_0_0.png",
                "cloth18702_walk_0_1.png",
                "cloth18702_walk_0_2.png",
                "cloth18702_walk_0_3.png",
                "cloth18702_walk_0_4.png",
                "cloth18702_walk_0_5.png"
            ],
            "CX": [7, 12, 17, 13, 13, 11],
            "CY": [41, 41, 41, 41, 41, 41]
        }
    },

    "U": {
        "Len": 6,
        "Cx": -50,
        "Cy": -74,
        "Cloth": {
            "IMG": [
                "cloth18702_walk_1_0.png",
                "cloth18702_walk_1_1.png",
                "cloth18702_walk_1_2.png",
                "cloth18702_walk_1_3.png",
                "cloth18702_walk_1_4.png",
                "cloth18702_walk_1_5.png"
            ],
            "CX": [26, 26, 26, 26, 26, 26],
            "CY": [29, 29, 29, 27, 24, 27]
        }
    },

    "L": {
        "Len": 6,
        "Cx": -50,
        "Cy": -74,
        "Cloth": {
            "IMG": [
                "cloth18702_walk_2_0.png",
                "cloth18702_walk_2_1.png",
                "cloth18702_walk_2_2.png",
                "cloth18702_walk_2_3.png",
                "cloth18702_walk_2_4.png",
                "cloth18702_walk_2_5.png"
            ],
            "CX": [15, 15, 15, 14, 12, 14],
            "CY": [41, 41, 41, 41, 41, 41]
        }
    },

    "D": {
        "Len": 6,
        "Cx": -50,
        "Cy": -74,
        "Cloth": {
            "IMG": [
                "cloth18702_walk_3_0.png",
                "cloth18702_walk_3_1.png",
                "cloth18702_walk_3_2.png",
                "cloth18702_walk_3_3.png",
                "cloth18702_walk_3_4.png",
                "cloth18702_walk_3_5.png"
            ],
            "CX": [26, 26, 26, 26, 26, 26],
            "CY": [17, 20, 22, 22, 22, 19]
        }
    },

    "INTERVAL": 200
}