{

    "NAME": "Character18707",

    "STAND_R": {
        "Len": 6,
        "Cx": -50,
        "Cy": -74,
        "Cloth": {
            "IMG": [
                "cloth18707_stand_0_0.png",
                "cloth18707_stand_0_1.png",
                "cloth18707_stand_0_2.png",
                "cloth18707_stand_0_3.png",
                "cloth18707_stand_0_4.png",
                "cloth18707_stand_0_5.png"
            ],
            "CX": [7, 6, 4, 7, 7, 7],
            "CY": [5, 6, 6, 5, 6, 6]
        }
    },

    "STAND_U": {
        "Len": 6,
        "Cx": -50,
        "Cy": -74,
        "Cloth": {
            "IMG": [
                "cloth18707_stand_0_0.png",
                "cloth18707_stand_0_1.png",
                "cloth18707_stand_0_2.png",
                "cloth18707_stand_0_3.png",
                "cloth18707_stand_0_4.png",
                "cloth18707_stand_0_5.png"
            ],
            "CX": [7, 6, 4, 7, 7, 7],
            "CY": [5, 6, 6, 5, 6, 6]
        }
    },

    "STAND_L": {
        "Len": 6,
        "Cx": -50,
        "Cy": -74,
        "Cloth": {
            "IMG": [
                "cloth18707_stand_0_0.png",
                "cloth18707_stand_0_1.png",
                "cloth18707_stand_0_2.png",
                "cloth18707_stand_0_3.png",
                "cloth18707_stand_0_4.png",
                "cloth18707_stand_0_5.png"
            ],
            "CX": [7, 6, 4, 7, 7, 7],
            "CY": [5, 6, 6, 5, 6, 6]
        }
    },

    "STAND_D": {
        "Len": 6,
        "Cx": -50,
        "Cy": -74,
        "Cloth": {
            "IMG": [
                "cloth18707_stand_0_0.png",
                "cloth18707_stand_0_1.png",
                "cloth18707_stand_0_2.png",
                "cloth18707_stand_0_3.png",
                "cloth18707_stand_0_4.png",
                "cloth18707_stand_0_5.png"
            ],
            "CX": [7, 6, 4, 7, 7, 7],
            "CY": [5, 6, 6, 5, 6, 6]
        }
    },

    "R": {
        "Len": 6,
        "Cx": -50,
        "Cy": -74,
        "Cloth": {
            "IMG": [
                "cloth18707_walk_0_0.png",
                "cloth18707_walk_0_1.png",
                "cloth18707_walk_0_2.png",
                "cloth18707_walk_0_3.png",
                "cloth18707_walk_0_4.png",
                "cloth18707_walk_0_5.png"
            ],
            "CX": [23, 23, 21, 23, 19, 14],
            "CY": [5, 5, 6, 5, 5, 6]
        }
    },

    "U": {
        "Len": 6,
        "Cx": -50,
        "Cy": -74,
        "Cloth": {
            "IMG": [
                "cloth18707_walk_1_0.png",
                "cloth18707_walk_1_1.png",
                "cloth18707_walk_1_2.png",
                "cloth18707_walk_1_3.png",
                "cloth18707_walk_1_4.png",
                "cloth18707_walk_1_5.png"
            ],
            "CX": [7, 7, 7, 7, 7, 7],
            "CY": [6, 7, 7, 6, 7, 7]
        }
    },

    "L": {
        "Len": 6,
        "Cx": -50,
        "Cy": -74,
        "Cloth": {
            "IMG": [
                "cloth18707_walk_2_0.png",
                "cloth18707_walk_2_1.png",
                "cloth18707_walk_2_2.png",
                "cloth18707_walk_2_3.png",
                "cloth18707_walk_2_4.png",
                "cloth18707_walk_2_5.png"
            ],
            "CX": [30, 27, 22, 30, 31, 31],
            "CY": [8, 8, 9, 8, 8, 9]
        }
    },

    "D": {
        "Len": 6,
        "Cx": -50,
        "Cy": -74,
        "Cloth": {
            "IMG": [
                "cloth18707_walk_3_0.png",
                "cloth18707_walk_3_1.png",
                "cloth18707_walk_3_2.png",
                "cloth18707_walk_3_3.png",
                "cloth18707_walk_3_4.png",
                "cloth18707_walk_3_5.png"
            ],
            "CX": [7, 6, 4, 7, 7, 7],
            "CY": [4, 5, 5, 4, 5, 5]
        }
    },

    "INTERVAL": 200
}