{

    "NAME": "Character18708",

    "STAND_R": {
        "Len": 6,
        "Cx": -50,
        "Cy": -74,
        "Cloth": {
            "IMG": [
                "cloth18708_stand_0_0.png",
                "cloth18708_stand_0_1.png",
                "cloth18708_stand_0_2.png",
                "cloth18708_stand_0_3.png",
                "cloth18708_stand_0_4.png",
                "cloth18708_stand_0_5.png"
            ],
            "CX": [2, 2, 2, 2, 2, 2],
            "CY": [21, 21, 21, 21, 21, 21]
        }
    },

    "STAND_U": {
        "Len": 6,
        "Cx": -50,
        "Cy": -74,
        "Cloth": {
            "IMG": [
                "cloth18708_stand_1_0.png",
                "cloth18708_stand_1_1.png",
                "cloth18708_stand_1_2.png",
                "cloth18708_stand_1_3.png",
                "cloth18708_stand_1_4.png",
                "cloth18708_stand_1_5.png"
            ],
            "CX": [13, 13, 13, 13, 13, 13],
            "CY": [23, 23, 23, 23, 23, 23]
        }
    },

    "STAND_L": {
        "Len": 6,
        "Cx": -50,
        "Cy": -74,
        "Cloth": {
            "IMG": [
                "cloth18708_stand_2_0.png",
                "cloth18708_stand_2_1.png",
                "cloth18708_stand_2_2.png",
                "cloth18708_stand_2_3.png",
                "cloth18708_stand_2_4.png",
                "cloth18708_stand_2_5.png"
            ],
            "CX": [20, 20, 20, 20, 20, 20],
            "CY": [21, 21, 21, 21, 21, 21]
        }
    },

    "STAND_D": {
        "Len": 6,
        "Cx": -50,
        "Cy": -74,
        "Cloth": {
            "IMG": [
                "cloth18708_stand_3_0.png",
                "cloth18708_stand_3_1.png",
                "cloth18708_stand_3_2.png",
                "cloth18708_stand_3_3.png",
                "cloth18708_stand_3_4.png",
                "cloth18708_stand_3_5.png"
            ],
            "CX": [21, 21, 21, 21, 21, 21],
            "CY": [22, 22, 22, 22, 22, 22]
        }
    },

    "R": {
        "Len": 6,
        "Cx": -50,
        "Cy": -74,
        "Cloth": {
            "IMG": [
                "cloth18708_walk_0_0.png",
                "cloth18708_walk_0_1.png",
                "cloth18708_walk_0_2.png",
                "cloth18708_walk_0_3.png",
                "cloth18708_walk_0_4.png",
                "cloth18708_walk_0_5.png"
            ],
            "CX": [2, 5, 6, 2, 2, 4],
            "CY": [21, 22, 25, 21, 22, 25]
        }
    },

    "U": {
        "Len": 6,
        "Cx": -50,
        "Cy": -74,
        "Cloth": {
            "IMG": [
                "cloth18708_walk_1_0.png",
                "cloth18708_walk_1_1.png",
                "cloth18708_walk_1_2.png",
                "cloth18708_walk_1_3.png",
                "cloth18708_walk_1_4.png",
                "cloth18708_walk_1_5.png"
            ],
            "CX": [21, 13, 6, 21, 21, 19],
            "CY": [22, 23, 21, 22, 23, 22]
        }
    },

    "L": {
        "Len": 6,
        "Cx": -50,
        "Cy": -74,
        "Cloth": {
            "IMG": [
                "cloth18708_walk_2_0.png",
                "cloth18708_walk_2_1.png",
                "cloth18708_walk_2_2.png",
                "cloth18708_walk_2_3.png",
                "cloth18708_walk_2_4.png",
                "cloth18708_walk_2_5.png"
            ],
            "CX": [20, 19, 18, 20, 15, 9],
            "CY": [21, 22, 25, 21, 22, 25]
        }
    },

    "D": {
        "Len": 6,
        "Cx": -50,
        "Cy": -74,
        "Cloth": {
            "IMG": [
                "cloth18708_walk_3_0.png",
                "cloth18708_walk_3_1.png",
                "cloth18708_walk_3_2.png",
                "cloth18708_walk_3_3.png",
                "cloth18708_walk_3_4.png",
                "cloth18708_walk_3_5.png"
            ],
            "CX": [21, 11, 5, 21, 20, 19],
            "CY": [22, 23, 24, 22, 23, 24]
        }
    },

    "INTERVAL": 200
}