{

    "NAME": "Character18804",

    "STAND_R": {
        "Len": 6,
        "Cx": -50,
        "Cy": -74,
        "Cloth": {
            "IMG": [
                "cloth18804_stand_0_0.png",
                "cloth18804_stand_0_1.png",
                "cloth18804_stand_0_2.png",
                "cloth18804_stand_0_3.png",
                "cloth18804_stand_0_4.png",
                "cloth18804_stand_0_5.png"
            ],
            "CX": [21, 21, 21, 21, 21, 21],
            "CY": [29, 28, 27, 29, 28, 27]
        }
    },

    "STAND_U": {
        "Len": 6,
        "Cx": -50,
        "Cy": -74,
        "Cloth": {
            "IMG": [
                "cloth18804_stand_0_0.png",
                "cloth18804_stand_0_1.png",
                "cloth18804_stand_0_2.png",
                "cloth18804_stand_0_3.png",
                "cloth18804_stand_0_4.png",
                "cloth18804_stand_0_5.png"
            ],
            "CX": [21, 21, 21, 21, 21, 21],
            "CY": [29, 28, 27, 29, 28, 27]
        }
    },

    "STAND_L": {
        "Len": 6,
        "Cx": -50,
        "Cy": -74,
        "Cloth": {
            "IMG": [
                "cloth18804_stand_0_0.png",
                "cloth18804_stand_0_1.png",
                "cloth18804_stand_0_2.png",
                "cloth18804_stand_0_3.png",
                "cloth18804_stand_0_4.png",
                "cloth18804_stand_0_5.png"
            ],
            "CX": [21, 21, 21, 21, 21, 21],
            "CY": [29, 28, 27, 29, 28, 27]
        }
    },

    "STAND_D": {
        "Len": 6,
        "Cx": -50,
        "Cy": -74,
        "Cloth": {
            "IMG": [
                "cloth18804_stand_0_0.png",
                "cloth18804_stand_0_1.png",
                "cloth18804_stand_0_2.png",
                "cloth18804_stand_0_3.png",
                "cloth18804_stand_0_4.png",
                "cloth18804_stand_0_5.png"
            ],
            "CX": [21, 21, 21, 21, 21, 21],
            "CY": [29, 28, 27, 29, 28, 27]
        }
    },

    "R": {
        "Len": 6,
        "Cx": -50,
        "Cy": -74,
        "Cloth": {
            "IMG": [
                "cloth18804_walk_0_0.png",
                "cloth18804_walk_0_1.png",
                "cloth18804_walk_0_2.png",
                "cloth18804_walk_0_3.png",
                "cloth18804_walk_0_4.png",
                "cloth18804_walk_0_5.png"
            ],
            "CX": [24, 24, 24, 24, 24, 24],
            "CY": [29, 28, 27, 29, 28, 27]
        }
    },

    "U": {
        "Len": 6,
        "Cx": -50,
        "Cy": -74,
        "Cloth": {
            "IMG": [
                "cloth18804_walk_1_0.png",
                "cloth18804_walk_1_1.png",
                "cloth18804_walk_1_2.png",
                "cloth18804_walk_1_3.png",
                "cloth18804_walk_1_4.png",
                "cloth18804_walk_1_5.png"
            ],
            "CX": [23, 23, 23, 23, 23, 23],
            "CY": [31, 30, 29, 31, 30, 29]
        }
    },

    "L": {
        "Len": 6,
        "Cx": -50,
        "Cy": -74,
        "Cloth": {
            "IMG": [
                "cloth18804_walk_2_0.png",
                "cloth18804_walk_2_1.png",
                "cloth18804_walk_2_2.png",
                "cloth18804_walk_2_3.png",
                "cloth18804_walk_2_4.png",
                "cloth18804_walk_2_5.png"
            ],
            "CX": [29, 29, 30, 29, 29, 30],
            "CY": [29, 28, 27, 29, 28, 27]
        }
    },

    "D": {
        "Len": 6,
        "Cx": -50,
        "Cy": -74,
        "Cloth": {
            "IMG": [
                "cloth18804_walk_3_0.png",
                "cloth18804_walk_3_1.png",
                "cloth18804_walk_3_2.png",
                "cloth18804_walk_3_3.png",
                "cloth18804_walk_3_4.png",
                "cloth18804_walk_3_5.png"
            ],
            "CX": [21, 21, 21, 21, 21, 21],
            "CY": [29, 28, 27, 29, 28, 27]
        }
    },

    "INTERVAL": 200
}