{

    "NAME": "Character18801",

    "STAND_R": {
        "Len": 6,
        "Cx": -50,
        "Cy": -74,
        "Cloth": {
            "IMG": [
                "cloth18801_stand_0_0.png",
                "cloth18801_stand_0_1.png",
                "cloth18801_stand_0_2.png",
                "cloth18801_stand_0_3.png",
                "cloth18801_stand_0_4.png",
                "cloth18801_stand_0_5.png"
            ],
            "CX": [4, 4, 4, 4, 4, 4],
            "CY": [4, 3, 3, 4, 3, 3]
        }
    },

    "STAND_U": {
        "Len": 6,
        "Cx": -50,
        "Cy": -74,
        "Cloth": {
            "IMG": [
                "cloth18801_stand_0_0.png",
                "cloth18801_stand_0_1.png",
                "cloth18801_stand_0_2.png",
                "cloth18801_stand_0_3.png",
                "cloth18801_stand_0_4.png",
                "cloth18801_stand_0_5.png"
            ],
            "CX": [4, 4, 4, 4, 4, 4],
            "CY": [4, 3, 3, 4, 3, 3]
        }
    },

    "STAND_L": {
        "Len": 6,
        "Cx": -50,
        "Cy": -74,
        "Cloth": {
            "IMG": [
                "cloth18801_stand_0_0.png",
                "cloth18801_stand_0_1.png",
                "cloth18801_stand_0_2.png",
                "cloth18801_stand_0_3.png",
                "cloth18801_stand_0_4.png",
                "cloth18801_stand_0_5.png"
            ],
            "CX": [4, 4, 4, 4, 4, 4],
            "CY": [4, 3, 3, 4, 3, 3]
        }
    },

    "STAND_D": {
        "Len": 6,
        "Cx": -50,
        "Cy": -74,
        "Cloth": {
            "IMG": [
                "cloth18801_stand_0_0.png",
                "cloth18801_stand_0_1.png",
                "cloth18801_stand_0_2.png",
                "cloth18801_stand_0_3.png",
                "cloth18801_stand_0_4.png",
                "cloth18801_stand_0_5.png"
            ],
            "CX": [4, 4, 4, 4, 4, 4],
            "CY": [4, 3, 3, 4, 3, 3]
        }
    },

    "R": {
        "Len": 6,
        "Cx": -50,
        "Cy": -74,
        "Cloth": {
            "IMG": [
                "cloth18801_walk_0_0.png",
                "cloth18801_walk_0_1.png",
                "cloth18801_walk_0_2.png",
                "cloth18801_walk_0_3.png",
                "cloth18801_walk_0_4.png",
                "cloth18801_walk_0_5.png"
            ],
            "CX": [16, 16, 16, 16, 16, 16],
            "CY": [8, 7, 7, 8, 7, 7]
        }
    },

    "U": {
        "Len": 6,
        "Cx": -50,
        "Cy": -74,
        "Cloth": {
            "IMG": [
                "cloth18801_walk_1_0.png",
                "cloth18801_walk_1_1.png",
                "cloth18801_walk_1_2.png",
                "cloth18801_walk_1_3.png",
                "cloth18801_walk_1_4.png",
                "cloth18801_walk_1_5.png"
            ],
            "CX": [7, 6, 6, 7, 8, 8],
            "CY": [7, 6, 6, 7, 6, 6]
        }
    },

    "L": {
        "Len": 6,
        "Cx": -50,
        "Cy": -74,
        "Cloth": {
            "IMG": [
                "cloth18801_walk_2_0.png",
                "cloth18801_walk_2_1.png",
                "cloth18801_walk_2_2.png",
                "cloth18801_walk_2_3.png",
                "cloth18801_walk_2_4.png",
                "cloth18801_walk_2_5.png"
            ],
            "CX": [20, 20, 20, 20, 20, 20],
            "CY": [8, 7, 7, 8, 7, 7]
        }
    },

    "D": {
        "Len": 6,
        "Cx": -50,
        "Cy": -74,
        "Cloth": {
            "IMG": [
                "cloth18801_walk_3_0.png",
                "cloth18801_walk_3_1.png",
                "cloth18801_walk_3_2.png",
                "cloth18801_walk_3_3.png",
                "cloth18801_walk_3_4.png",
                "cloth18801_walk_3_5.png"
            ],
            "CX": [4, 4, 4, 4, 4, 4],
            "CY": [4, 3, 3, 4, 3, 3]
        }
    },

    "INTERVAL": 200
}