{

    "NAME": "Character18602",

    "STAND_R": {
        "Len": 6,
        "Cx": -50,
        "Cy": -74,
        "Cloth": {
            "IMG": [
                "cloth18602_stand_0_0.png",
                "cloth18602_stand_0_1.png",
                "cloth18602_stand_0_2.png",
                "cloth18602_stand_0_3.png",
                "cloth18602_stand_0_4.png",
                "cloth18602_stand_0_5.png"
            ],
            "CX": [13, 10, 14, 10, 13, 12],
            "CY": [20, 18, 16, 14, 16, 15]
        }
    },

    "STAND_U": {
        "Len": 6,
        "Cx": -50,
        "Cy": -74,
        "Cloth": {
            "IMG": [
                "cloth18602_stand_0_0.png",
                "cloth18602_stand_0_1.png",
                "cloth18602_stand_0_2.png",
                "cloth18602_stand_0_3.png",
                "cloth18602_stand_0_4.png",
                "cloth18602_stand_0_5.png"
            ],
            "CX": [13, 10, 14, 10, 13, 12],
            "CY": [20, 18, 16, 14, 16, 15]
        }
    },

    "STAND_L": {
        "Len": 6,
        "Cx": -50,
        "Cy": -74,
        "Cloth": {
            "IMG": [
                "cloth18602_stand_0_0.png",
                "cloth18602_stand_0_1.png",
                "cloth18602_stand_0_2.png",
                "cloth18602_stand_0_3.png",
                "cloth18602_stand_0_4.png",
                "cloth18602_stand_0_5.png"
            ],
            "CX": [13, 10, 14, 10, 13, 12],
            "CY": [20, 18, 16, 14, 16, 15]
        }
    },

    "STAND_D": {
        "Len": 6,
        "Cx": -50,
        "Cy": -74,
        "Cloth": {
            "IMG": [
                "cloth18602_stand_0_0.png",
                "cloth18602_stand_0_1.png",
                "cloth18602_stand_0_2.png",
                "cloth18602_stand_0_3.png",
                "cloth18602_stand_0_4.png",
                "cloth18602_stand_0_5.png"
            ],
            "CX": [13, 10, 14, 10, 13, 12],
            "CY": [20, 18, 16, 14, 16, 15]
        }
    },

    "R": {
        "Len": 6,
        "Cx": -50,
        "Cy": -74,
        "Cloth": {
            "IMG": [
                "cloth18602_walk_0_0.png",
                "cloth18602_walk_0_1.png",
                "cloth18602_walk_0_2.png",
                "cloth18602_walk_0_3.png",
                "cloth18602_walk_0_4.png",
                "cloth18602_walk_0_5.png"
            ],
            "CX": [16, 13, 17, 13, 16, 15],
            "CY": [25, 23, 21, 19, 21, 19]
        }
    },

    "U": {
        "Len": 6,
        "Cx": -50,
        "Cy": -74,
        "Cloth": {
            "IMG": [
                "cloth18602_walk_1_0.png",
                "cloth18602_walk_1_1.png",
                "cloth18602_walk_1_2.png",
                "cloth18602_walk_1_3.png",
                "cloth18602_walk_1_4.png",
                "cloth18602_walk_1_5.png"
            ],
            "CX": [15, 11, 15, 11, 15, 13],
            "CY": [17, 15, 13, 11, 13, 12]
        }
    },

    "L": {
        "Len": 6,
        "Cx": -50,
        "Cy": -74,
        "Cloth": {
            "IMG": [
                "cloth18602_walk_2_0.png",
                "cloth18602_walk_2_1.png",
                "cloth18602_walk_2_2.png",
                "cloth18602_walk_2_3.png",
                "cloth18602_walk_2_4.png",
                "cloth18602_walk_2_5.png"
            ],
            "CX": [23, 17, 20, 17, 23, 23],
            "CY": [25, 23, 21, 19, 21, 19]
        }
    },

    "D": {
        "Len": 6,
        "Cx": -50,
        "Cy": -74,
        "Cloth": {
            "IMG": [
                "cloth18602_walk_3_0.png",
                "cloth18602_walk_3_1.png",
                "cloth18602_walk_3_2.png",
                "cloth18602_walk_3_3.png",
                "cloth18602_walk_3_4.png",
                "cloth18602_walk_3_5.png"
            ],
            "CX": [13, 10, 14, 10, 13, 12],
            "CY": [20, 18, 16, 14, 16, 15]
        }
    },

    "INTERVAL": 200
}