{

    "NAME": "Character18704",

    "STAND_R": {
        "Len": 6,
        "Cx": -50,
        "Cy": -74,
        "Cloth": {
            "IMG": [
                "cloth18704_stand_0_0.png",
                "cloth18704_stand_0_1.png",
                "cloth18704_stand_0_2.png",
                "cloth18704_stand_0_3.png",
                "cloth18704_stand_0_4.png",
                "cloth18704_stand_0_5.png"
            ],
            "CX": [13, 15, 17, 13, 15, 17],
            "CY": [16, 19, 22, 16, 19, 22]
        }
    },

    "STAND_U": {
        "Len": 6,
        "Cx": -50,
        "Cy": -74,
        "Cloth": {
            "IMG": [
                "cloth18704_stand_0_0.png",
                "cloth18704_stand_0_1.png",
                "cloth18704_stand_0_2.png",
                "cloth18704_stand_0_3.png",
                "cloth18704_stand_0_4.png",
                "cloth18704_stand_0_5.png"
            ],
            "CX": [13, 15, 17, 13, 15, 17],
            "CY": [16, 19, 22, 16, 19, 22]
        }
    },

    "STAND_L": {
        "Len": 6,
        "Cx": -50,
        "Cy": -74,
        "Cloth": {
            "IMG": [
                "cloth18704_stand_0_0.png",
                "cloth18704_stand_0_1.png",
                "cloth18704_stand_0_2.png",
                "cloth18704_stand_0_3.png",
                "cloth18704_stand_0_4.png",
                "cloth18704_stand_0_5.png"
            ],
            "CX": [13, 15, 17, 13, 15, 17],
            "CY": [16, 19, 22, 16, 19, 22]
        }
    },

    "STAND_D": {
        "Len": 6,
        "Cx": -50,
        "Cy": -74,
        "Cloth": {
            "IMG": [
                "cloth18704_stand_0_0.png",
                "cloth18704_stand_0_1.png",
                "cloth18704_stand_0_2.png",
                "cloth18704_stand_0_3.png",
                "cloth18704_stand_0_4.png",
                "cloth18704_stand_0_5.png"
            ],
            "CX": [13, 15, 17, 13, 15, 17],
            "CY": [16, 19, 22, 16, 19, 22]
        }
    },

    "R": {
        "Len": 6,
        "Cx": -50,
        "Cy": -74,
        "Cloth": {
            "IMG": [
                "cloth18704_walk_0_0.png",
                "cloth18704_walk_0_1.png",
                "cloth18704_walk_0_2.png",
                "cloth18704_walk_0_3.png",
                "cloth18704_walk_0_4.png",
                "cloth18704_walk_0_5.png"
            ],
            "CX": [26, 25, 28, 26, 25, 28],
            "CY": [16, 17, 18, 16, 17, 18]
        }
    },

    "U": {
        "Len": 6,
        "Cx": -50,
        "Cy": -74,
        "Cloth": {
            "IMG": [
                "cloth18704_walk_1_0.png",
                "cloth18704_walk_1_1.png",
                "cloth18704_walk_1_2.png",
                "cloth18704_walk_1_3.png",
                "cloth18704_walk_1_4.png",
                "cloth18704_walk_1_5.png"
            ],
            "CX": [18, 22, 24, 18, 22, 24],
            "CY": [16, 18, 19, 16, 18, 19]
        }
    },

    "L": {
        "Len": 6,
        "Cx": -50,
        "Cy": -74,
        "Cloth": {
            "IMG": [
                "cloth18704_walk_2_0.png",
                "cloth18704_walk_2_1.png",
                "cloth18704_walk_2_2.png",
                "cloth18704_walk_2_3.png",
                "cloth18704_walk_2_4.png",
                "cloth18704_walk_2_5.png"
            ],
            "CX": [27, 27, 27, 27, 27, 27],
            "CY": [16, 17, 18, 16, 17, 18]
        }
    },

    "D": {
        "Len": 6,
        "Cx": -50,
        "Cy": -74,
        "Cloth": {
            "IMG": [
                "cloth18704_walk_3_0.png",
                "cloth18704_walk_3_1.png",
                "cloth18704_walk_3_2.png",
                "cloth18704_walk_3_3.png",
                "cloth18704_walk_3_4.png",
                "cloth18704_walk_3_5.png"
            ],
            "CX": [13, 15, 17, 13, 15, 17],
            "CY": [16, 19, 22, 16, 19, 22]
        }
    },

    "INTERVAL": 200
}