{

    "NAME": "Character18809",

    "STAND_R": {
        "Len": 6,
        "Cx": -50,
        "Cy": -74,
        "Cloth": {
            "IMG": [
                "cloth18809_stand_0_0.png",
                "cloth18809_stand_0_1.png",
                "cloth18809_stand_0_2.png",
                "cloth18809_stand_0_3.png",
                "cloth18809_stand_0_4.png",
                "cloth18809_stand_0_5.png"
            ],
            "CX": [31, 31, 31, 31, 31, 31],
            "CY": [38, 41, 40, 38, 41, 40]
        }
    },

    "STAND_U": {
        "Len": 6,
        "Cx": -50,
        "Cy": -74,
        "Cloth": {
            "IMG": [
                "cloth18809_stand_0_0.png",
                "cloth18809_stand_0_1.png",
                "cloth18809_stand_0_2.png",
                "cloth18809_stand_0_3.png",
                "cloth18809_stand_0_4.png",
                "cloth18809_stand_0_5.png"
            ],
            "CX": [31, 31, 31, 31, 31, 31],
            "CY": [38, 41, 40, 38, 41, 40]
        }
    },

    "STAND_L": {
        "Len": 6,
        "Cx": -50,
        "Cy": -74,
        "Cloth": {
            "IMG": [
                "cloth18809_stand_0_0.png",
                "cloth18809_stand_0_1.png",
                "cloth18809_stand_0_2.png",
                "cloth18809_stand_0_3.png",
                "cloth18809_stand_0_4.png",
                "cloth18809_stand_0_5.png"
            ],
            "CX": [31, 31, 31, 31, 31, 31],
            "CY": [38, 41, 40, 38, 41, 40]
        }
    },

    "STAND_D": {
        "Len": 6,
        "Cx": -50,
        "Cy": -74,
        "Cloth": {
            "IMG": [
                "cloth18809_stand_0_0.png",
                "cloth18809_stand_0_1.png",
                "cloth18809_stand_0_2.png",
                "cloth18809_stand_0_3.png",
                "cloth18809_stand_0_4.png",
                "cloth18809_stand_0_5.png"
            ],
            "CX": [31, 31, 31, 31, 31, 31],
            "CY": [38, 41, 40, 38, 41, 40]
        }
    },

    "R": {
        "Len": 6,
        "Cx": -50,
        "Cy": -74,
        "Cloth": {
            "IMG": [
                "cloth18809_walk_0_0.png",
                "cloth18809_walk_0_1.png",
                "cloth18809_walk_0_2.png",
                "cloth18809_walk_0_3.png",
                "cloth18809_walk_0_4.png",
                "cloth18809_walk_0_5.png"
            ],
            "CX": [31, 31, 31, 31, 31, 31],
            "CY": [37, 40, 38, 37, 40, 38]
        }
    },

    "U": {
        "Len": 6,
        "Cx": -50,
        "Cy": -74,
        "Cloth": {
            "IMG": [
                "cloth18809_walk_1_0.png",
                "cloth18809_walk_1_1.png",
                "cloth18809_walk_1_2.png",
                "cloth18809_walk_1_3.png",
                "cloth18809_walk_1_4.png",
                "cloth18809_walk_1_5.png"
            ],
            "CX": [31, 31, 31, 31, 31, 31],
            "CY": [39, 42, 40, 39, 42, 40]
        }
    },

    "L": {
        "Len": 6,
        "Cx": -50,
        "Cy": -74,
        "Cloth": {
            "IMG": [
                "cloth18809_walk_2_0.png",
                "cloth18809_walk_2_1.png",
                "cloth18809_walk_2_2.png",
                "cloth18809_walk_2_3.png",
                "cloth18809_walk_2_4.png",
                "cloth18809_walk_2_5.png"
            ],
            "CX": [31, 31, 31, 31, 31, 31],
            "CY": [37, 40, 38, 37, 40, 38]
        }
    },

    "D": {
        "Len": 6,
        "Cx": -50,
        "Cy": -74,
        "Cloth": {
            "IMG": [
                "cloth18809_walk_3_0.png",
                "cloth18809_walk_3_1.png",
                "cloth18809_walk_3_2.png",
                "cloth18809_walk_3_3.png",
                "cloth18809_walk_3_4.png",
                "cloth18809_walk_3_5.png"
            ],
            "CX": [31, 31, 31, 31, 31, 31],
            "CY": [38, 41, 40, 38, 41, 40]
        }
    },

    "INTERVAL": 200
}