{
  "TYPE": "water",
  "NAME": "elem10",
  "WIDTH": 1,
  "HEIGHT": 1,
  "BLOCK": [[[0, 0]], [[1], [1]]],
  "BREAKABLE": false,
  "CAN_HIDE": true,
  "INTERVAL": 100,

  "STAND": {
      "IMG": [
        "elem10_stand_0_0.png"
      ],
      "CX": [0],
      "CY": [-18]
  },

  "TRIGGER": {
      "IMG": [
        "elem10_trigger_0_0.png",
        "elem10_trigger_0_1.png",
        "elem10_trigger_0_2.png",
        "elem10_trigger_0_3.png",
        "elem10_trigger_0_4.png"
      ],
      "CX": [0, 0, 0, 0, 0],
      "CY": [-18, -18, -18, -18, -18]
  }

}